Workbook

Sheet README
A1: GAME DATA TEMPLATE — The Last Blessing
A2: Purpose | B2: All class and skill box data from Idle_Stat_Sources, restructured as flat named-column tables for Claude Code to convert to JSON.
A3: Progression model | B3: SWG-style SP box system. Players spend Learning Points (LP) to unlock skill boxes. Each class has 4 skill branch groups (I–IV tiers each) + a Novice box + a Master capstone. Unlocking enough boxes in a prereq class opens the next tier class.
A4: Classes sheet | B4: 32 classes across base → advanced → master tiers. prereq_class links the unlock chain.
A5: SkillBoxes sheet | B5: 576 boxes. box_code encodes branch position: prefix + xooo = branch 1 active, oxoo = branch 2, etc. Tiers I–IV per branch. Stat bonuses from your Idle_Stat_Sources sheet — NOT YET BALANCED (your note). Each box has an associated "learning points (LP)" cost.
A6: ClassPromotionRules | B6: Promotion rules based on the prereq_class field in the data. Required boxes per promotion listed under boxes_required.
A7: Sheet list | B7: README | Classes | Species | SkillBoxes | Skills | Skill_Effects | ClassPromotionRules | Stats | Elements | Weapon_Types | Weapons | Gear_Types | GearSets | GearSet_Bonuses | CombatLevelFormula

Sheet Classes
A1: One row per class. tier: base=500 SP pool | advanced=750 | master=1000. prereq_class = the class that must be completed first. stat columns = cumulative totals across all boxes (from your Idle_Stat_Sources data).
A2: id | B2: name | C2: tier | D2: class_type | E2: weight | F2: dmg_type1 | G2: dmg_type2 | H2: weapon | I2: prereq_class | J2: total_HP | K2: total_SP | L2: total_TP | M2: total_MP | N2: notes
A3: 0 | B3: Blade Brandier | C3: base | D3: Melee Physical | E3: Heavy | F3: Slashing | G3: Piercing | H3: Blade | J3: 100 | K3: 136 | L3: 123 | M3: 0
A4: 1 | B4: Twin Blade | C4: base | D4: Melee Physical | E4: Medium | F4: Slashing | G4: Cursing | H4: Twin Blades | J4: 204 | K4: 89 | L4: 89 | M4: 9
A5: 2 | B5: Wave User | C5: base | D5: Melee Magical | E5: Light | F5: Arcane | G5: Support | H5: Focus | J5: 154 | K5: 50 | L5: 13 | M5: 166
A6: 3 | B6: Harvest Cleric | C6: base | D6: Ranged Magical | E6: Light | F6: Arcane | G6: Relic | H6: Wand | J6: 166 | K6: 57 | L6: 19 | M6: 112
A7: 4 | B7: Guard Knight | C7: advanced | D7: Melee Physical | E7: Heavy | F7: Slashing | G7: Piercing | H7: Long Blade | I7: Blade Brandier | J7: 347 | K7: 29 | L7: 101 | M7: 0
A8: 5 | B8: Branded Barbarian | C8: advanced | D8: Melee Physical | E8: Heavy | F8: Slashing | G8: Blunt | H8: Heavy Ax | I8: Blade Brandier | J8: 244 | K8: 73 | L8: 72 | M8: 0
A9: 6 | B9: Curse Knight | C9: advanced | D9: Melee Magical | E9: Heavy | F9: Piercing | G9: Relic | H9: Cursed Blade | I9: Blade Brandier | J9: 180 | K9: 55 | L9: 20 | M9: 76
A10: 7 | B10: Acro Archer | C10: advanced | D10: Ranged Physical | E10: Medum | F10: Piercing | G10: Support | H10: Bow | I10: Twin Blade | J10: 172 | K10: 73 | L10: 51 | M10: 49
A11: 8 | B11: Pistol Ranger | C11: advanced | D11: Ranged Physical | E11: Medium | F11: Piercing | G11: Cursing | H11: Dual Guns | I11: Twin Blade | J11: 172 | K11: 73 | L11: 67 | M11: 37
A12: 9 | B12: Umbral Assassin | C12: advanced | D12: Melee Physical | E12: Medium | F12: Slashing | G12: Relic | H12: Claws | I12: Twin Blade | J12: 172 | K12: 69 | L12: 63 | M12: 34
A13: 10 | B13: Arcane Wavemaster | C13: advanced | D13: Ranged Physical | E13: Medium | F13: Support | G13: Arcane | H13: Staff | I13: Wave User | J13: 160 | K13: 58 | L13: 19 | M13: 158
A14: 11 | B14: Tome Summoner | C14: advanced | D14: Ranged Magical | E14: Light | F14: Arcane | G14: Relic | H14: Runes | I14: Wave User | J14: 164 | K14: 58 | L14: 8 | M14: 148
A15: 12 | B15: Aura Priest | C15: advanced | D15: Ranged Magical | E15: Light | F15: Arcane | G15: Cursing | H15: Tome | I15: Harvest Cleric | J15: 174 | K15: 54 | L15: 8 | M15: 136
A16: 13 | B16: Martial Monk | C16: advanced | D16: Ranged Physical | E16: Light | F16: Blunt | G16: Cursing | H16: Bo Staff | I16: Harvest Cleric | J16: 192 | K16: 75 | L16: 69 | M16: 65
A17: 14 | B17: Runic Paladin | C17: master | D17: Melee Physical | E17: Heavy | F17: Blunt | G17: Support | H17: Shield | I17: Guard Knight | J17: 284 | K17: 70 | L17: 48 | M17: 22
A18: 15 | B18: Long Arm | C18: master | D18: Ranged Physical | E18: Heavy | F18: Piercing | G18: Slashing | H18: Spear | I18: Guard Knight | J18: 228 | K18: 62 | L18: 88 | M18: 18
... A34: 31 | B34: Macabre Dancer | C34: master | D34: Melee Magical | E34: Light | F34: Slashing | G34: Cursing | H34: Bladed Fans | I34: Martial Monk | J34: 188 | K34: 78 | L34: 62 | M34: 126

Sheet Species
A1: One row per species/sub-race. banned_classes: comma-separated class names. stat_mod columns: positive or negative number added to base stat.
A2: id | B2: being | C2: sub_race | D2: faction | E2: primary_stat | F2: secondary_stat | G2: banned_classes | H2: HP_mod | I2: SP_mod | J2: TP_mod | K2: MP_mod | L2: notes
A3: 0 | B3: Elf | C3: Fole | D3: Briar Collective | E3: SP | F3: MATK | G3: Guard Knight | H3: 5 | I3: 0 | J3: 0 | K3: 0
A4: 1 | B4: Elf | C4: Nume | D4: Sylvan Collective | E4: SP | F4: PATK | G4: Branded Barbarian | H4: -5 | I4: 0 | J4: 0 | K4: 5
A5: 2 | B5: Human | C5: Kkyn | D5: Steel Clan | E5: PDEF | F5: MEVA | H5: 10 | I5: 0 | J5: 5 | K5: 0
A6: 3 | B6: Human | C6: Oeld | D6: Oak Clan | E6: PDEF | F6: PEVA | H6: 0 | I6: 0 | J6: 0 | K6: 10
A7: 4 | B7: Beast | C7: Tamo | D7: Paw Tribe | E7: HP | F7: MHIT | G7: Tome Summoner | H7: 15 | I7: 0 | J7: 0 | K7: 0
A8: 5 | B8: Beast | C8: Wyld | D8: Fang Tribe | E8: HP | F8: PHIT | G8: Aura Priest | H8: 5 | I8: 5 | J8: 0 | K8: 0

Sheet SkillBoxes
A1: One row per skill box. box_code encodes structure: 2-char class prefix + branch pattern (x=active branch, o=inactive) + roman tier (I-IV), OR Novice/Master. branch_pos: 1-4=which of the 4 skill groups, 0=Novice, 5=Master. Stat bonuses sourced from Idle_Stat_Sources — not yet balanced per your notes.
A2: id | B2: class_id | C2: class_name | D2: box_name | E2: box_group | F2: box_code | G2: box_type | H2: branch_pos | I2: box_tier | J2: lp_cost | K2: cp_earned | L2: required_exp | M2: certificate_unlocked | N2: HP | O2: SP | P2: TP | Q2: MP | R2: PATK | S2: PDEF | T2: PHIT | U2: PEVA | V2: MATK | W2: MDEF | X2: MHIT | Y2: MEVA | Z2: FIR | AA2: WTR | AB2: AIR | AC2: ERT | AD2: LGT | AE2: DRK | AF2: notes
A3: 0 | B3: 0 | C3: Blade Brandier | D3: Novice Blade Brandier | F3: BBNovice | G3: novice | H3: 0 | I3: 0 | J3: 5 | K3: 25 | M3: Blade_License | O3: 14 | P3: 7 | R3: 4 | S3: 1 | T3: 3 | U3: 1
A4: 1 | B4: 0 | C4: Blade Brandier | D4: Sword Handling I | E4: Sword Handling | F4: BBxoooI | G4: skill | H4: 1 | I4: 1 | J4: 2 | K4: 10 | O4: 4 | P4: 4 | R4: 1 | S4: 1 | T4: 3 | U4: 1 | X4: 1
A5: 2 | B5: 0 | C5: Blade Brandier | D5: Sword Handling II | F5: BBxoooII | G5: skill | H5: 1 | I5: 2 | J5: 3 | K5: 10 | O5: 4 | P5: 6 | R5: 3 | S5: 1 | T5: 3 | U5: 1 | X5: 1 | Y5: 1 | AB5: 1
A6: 3 | B6: 0 | C6: Blade Brandier | D6: Sword Handling III | F6: BBxoooIII | G6: skill | H6: 1 | I6: 3 | J6: 4 | K6: 10 | N6: 7 | O6: 6 | P6: 7 | R6: 3 | S6: 3 | T6: 4 | U6: 3 | W6: 1 | X6: 1 | Y6: 1 | AB6: 1 | AD6: 1
A7: 4 | B7: 0 | C7: Blade Brandier | D7: Sword Handling IV | F7: BBxoooIV | G7: skill | H7: 1 | I7: 4 | J7: 5 | K7: 10 | N7: 7 | O7: 7 | P7: 9 | R7: 4 | S7: 3 | T7: 6 | U7: 3 | W7: 1 | X7: 3 | Y7: 3 | AB7: 1 | AD7: 1
A8: 5 | B8: 0 | C8: Blade Brandier | D8: Sword Techniques I | E8: Sword Techniques | F8: BBoxooI | G8: skill | H8: 2 | I8: 1 | J8: 2 | K8: 10 | O8: 6 | P8: 6 | R8: 3 | S8: 1 | T8: 1 | U8: 1 | W8: 1
A9: 6 | B9: 0 | C9: Blade Brandier | D9: Sword Techniques II | F9: BBoxooII | G9: skill | H9: 2 | I9: 2 | J9: 3 | K9: 10 | O9: 7 | P9: 7 | R9: 4 | S9: 1 | T9: 1 | U9: 1 | W9: 1 | Y9: 1
A10: 7 | B10: 0 | C10: Blade Brandier | D10: Sword Techniques III | F10: BBoxooIII | G10: skill | H10: 2 | I10: 3 | J10: 4 | K10: 10 | N10: 7 | O10: 9 | P10: 9 | R10: 4 | S10: 3 | T10: 2 | U10: 2 | W10: 1 | Y10: 1
A11: 8 | B11: 0 | C11: Blade Brandier | D11: Sword Techniques IV | F11: BBoxooIV | G11: skill | H11: 2 | I11: 4 | J11: 5 | K11: 10 | N11: 7 | O11: 10 | P11: 10 | R11: 6 | S11: 3 | T11: 2 | U11: 2 | W11: 1 | Y11: 1
A12: 9 | B12: 0 | C12: Blade Brandier | D12: Sword Arts I | E12: Sword Arts | F12: BBooxoI | G12: skill | H12: 3 | I12: 1 | J12: 2 | K12: 10 | O12: 6 | P12: 4 | R12: 4 | S12: 2 | T12: 2 | U12: 2 | W12: 1 | X12: 1
A13: 10 | B13: 0 | C13: Blade Brandier | D13: Sword Arts II | F13: BBooxoII | G13: skill | H13: 3 | I13: 2 | J13: 3 | K13: 10 | O13: 7 | P13: 5 | R13: 4 | S13: 2 | T13: 2 | U13: 2 | W13: 1 | X13: 1
A14: 11 | B14: 0 | C14: Blade Brandier | D14: Sword Arts III | F14: BBooxoIII | G14: skill | H14: 3 | I14: 3 | J14: 4 | K14: 10 | N14: 7 | O14: 9 | P14: 6 | R14: 6 | S14: 2 | T14: 3 | U14: 2 | W14: 1 | X14: 1
A15: 12 | B15: 0 | C15: Blade Brandier | D15: Sword Arts IV | F15: BBooxoIV | G15: skill | H15: 3 | I15: 4 | J15: 5 | K15: 10 | N15: 7 | O15: 10 | P15: 7 | R15: 6 | S15: 2 | T15: 3 | U15: 2 | W15: 1 | X15: 1
A16: 13 | B16: 0 | C16: Blade Brandier | D16: Slashing Blade I | E16: Slashing Blade | F16: BBoooxI | G16: skill | H16: 4 | I16: 1 | J16: 2 | K16: 10 | N16: 7 | O16: 6 | P16: 5 | R16: 4 | S16: 2 | T16: 3 | U16: 3 | AB16: 1
A17: 14 | B17: 0 | C17: Blade Brandier | D17: Slashing Blade II | F17: BBoooxII | G17: skill | H17: 4 | I17: 2 | J17: 3 | K17: 10 | N17: 7 | O17: 6 | P17: 6 | R17: 4 | S17: 2 | T17: 3 | U17: 3 | AB17: 1
A18: 15 | B18: 0 | C18: Blade Brandier | D18: Slashing Blade III | F18: BBoooxIII | G18: skill | H18: 4 | I18: 3 | J18: 4 | K18: 10 | N18: 11 | O18: 7 | P18: 7 | R18: 6 | S18: 2 | T18: 4 | U18: 3 | X18: 1 | AB18: 1 | AD18: 1
A19: 16 | B19: 0 | C19: Blade Brandier | D19: Slashing Blade IV | F19: BBoooxIV | G19: skill | H19: 4 | I19: 4 | J19: 5 | K19: 10 | N19: 11 | O19: 7 | P19: 8 | R19: 6 | S19: 2 | T19: 4 | U19: 3 | X19: 1 | AB19: 1 | AD19: 1
A20: 17 | B20: 0 | C20: Blade Brandier | D20: Master Blade Brandier | F20: BBMaster | G20: master | H20: 5 | I20: 5 | J20: 1 | K20: 65 | N20: 22 | O20: 11 | P20: 10 | R20: 6 | S20: 4 | T20: 5 | U20: 4 | W20: 1 | X20: 1 | Y20: 1 | AB20: 1 | AD20: 2
A21: 18 | B21: 1 | C21: Twin Blade | D21: Novice Twin Blade | F21: TBNovice | G21: novice | H21: 0 | I21: 0 | J21: 5 | K21: 25 | M21: Twin_Blades_License | N21: 12 | O21: 9 | P21: 9 | Q21: 2 | R21: 3 | S21: 1 | T21: 3 | U21: 2 | V21: 1 | W21: 1 | X21: 1 | Y21: 1 | AA21: 1 | AB21: 1 | AE21: 1
A22: 19 | B22: 1 | C22: Twin Blade | D22: Aim I | E22: Aim | F22: TBxoooI | G22: skill | H22: 1 | I22: 1 | J22: 2 | K22: 10 | N22: 6 | O22: 3 | P22: 5 | R22: 2 | T22: 3 | U22: 1 | X22: 1 | Y22: 1 | AA22: 1 | AB22: 1
A23: 20 | B23: 1 | C23: Twin Blade | D23: Aim II | F23: TBxoooII | G23: skill | H23: 1 | I23: 2 | J23: 3 | K23: 10 | N23: 6 | O23: 3 | P23: 5 | R23: 2 | T23: 3 | U23: 1 | X23: 1 | Y23: 1 | AA23: 1 | AB23: 1
A24: 21 | B24: 1 | C24: Twin Blade | D24: Aim III | F24: TBxoooIII | G24: skill | H24: 1 | I24: 3 | J24: 4 | K24: 10 | N24: 12 | O24: 5 | P24: 6 | R24: 3 | T24: 3 | U24: 1 | X24: 2 | Y24: 1 | AA24: 1 | AB24: 1 | AE24: 1
A25: 22 | B25: 1 | C25: Twin Blade | D25: Aim IV | F25: TBxoooIV | G25: skill | H25: 1 | I25: 4 | J25: 5 | K25: 10 | N25: 12 | O25: 5 | P25: 6 | R25: 3 | T25: 5 | U25: 1 | X25: 2 | Y25: 1 | AA25: 1 | AB25: 1 | AE25: 1
A26: 23 | B26: 1 | C26: Twin Blade | D26: Close Combat I | E26: Close Combat | F26: TBoxooI | G26: skill | H26: 2 | I26: 1 | J26: 2 | K26: 10 | N26: 12 | O26: 5 | P26: 3 | R26: 3 | S26: 1 | T26: 2 | U26: 2 | W26: 1 | X26: 1 | Y26: 1 | AB26: 1 | AE26: 1
A27: 24 | B27: 1 | C27: Twin Blade | D27: Close Combat II | F27: TBoxooII | G27: skill | H27: 2 | I27: 2 | J27: 3 | K27: 10 | N27: 12 | O27: 5 | P27: 3 | R27: 3 | S27: 1 | T27: 2 | U27: 2 | W27: 1 | X27: 1 | Y27: 1 | AB27: 1 | AE27: 1
A28: 25 | B28: 1 | C28: Twin Blade | D28: Close Combat III | F28: TBoxooIII | G28: skill | H28: 2 | I28: 3 | J28: 4 | K28: 10 | N28: 18 | O28: 6 | P28: 4 | R28: 4 | S28: 1 | T28: 2 | U28: 3 | W28: 1 | X28: 1 | Y28: 1 | AB28: 1 | AE28: 1
A29: 26 | B29: 1 | C29: Twin Blade | D29: Close Combat IV | F29: TBoxooIV | G29: skill | H29: 2 | I29: 4 | J29: 5 | K29: 10 | N29: 18 | O29: 6 | P29: 4 | R29: 4 | S29: 1 | T29: 4 | U29: 3 | W29: 1 | X29: 1 | Y29: 1 | AB29: 1 | AE29: 1
A30: 27 | B30: 1 | C30: Twin Blade | D30: Stealth I | E30: Stealth | F30: TBooxoI | G30: skill | H30: 3 | I30: 1 | J30: 2 | K30: 10 | N30: 6 | O30: 4 | P30: 4 | R30: 2 | T30: 2 | U30: 3 | W30: 1 | X30: 1 | Y30: 1 | AA30: 1 | AB30: 1 | AE30: 1
A31: 28 | B31: 1 | C31: Twin Blade | D31: Stealth II | F31: TBooxoII | G31: skill | H31: 3 | I31: 2 | J31: 3 | K31: 10 | N31: 6 | O31: 4 | P31: 4 | R31: 2 | T31: 2 | U31: 3 | W31: 1 | X31: 1 | Y31: 1 | AA31: 1 | AB31: 1 | AE31: 1
A32: 29 | B32: 1 | C32: Twin Blade | D32: Stealth III | F32: TBooxoIII | G32: skill | H32: 3 | I32: 3 | J32: 4 | K32: 10 | N32: 12 | O32: 5 | P32: 5 | R32: 3 | T32: 2 | U32: 4 | W32: 1 | X32: 1 | Y32: 1 | AA32: 1 | AB32: 1 | AE32: 1
A33: 30 | B33: 1 | C33: Twin Blade | D33: Stealth IV | F33: TBooxoIV | G33: skill | H33: 3 | I33: 4 | J33: 5 | K33: 10 | N33: 12 | O33: 5 | P33: 5 | R33: 3 | T33: 4 | U33: 4 | W33: 1 | X33: 1 | Y33: 1 | AA33: 1 | AB33: 1 | AE33: 1
A34: 31 | B34: 1 | C34: Twin Blade | D34: Tracking I | E34: Tracking | F34: TBoooxI | G34: skill | H34: 4 | I34: 1 | J34: 2 | K34: 10 | N34: 6 | O34: 3 | P34: 4 | Q34: 1 | R34: 2 | S34: 1 | T34: 2 | U34: 2 | W34: 1 | X34: 1 | Y34: 1 | AA34: 1 | AB34: 1 | AE34: 1
A35: 32 | B35: 1 | C35: Twin Blade | D35: Tracking II | F35: TBoooxII | G35: skill | H35: 4 | I35: 2 | J35: 3 | K35: 10 | N35: 6 | O35: 3 | P35: 4 | Q35: 1 | R35: 2 | S35: 1 | T35: 2 | U35: 2 | W35: 1 | X35: 1 | Y35: 1 | AA35: 1 | AB35: 1 | AE35: 1
A36: 33 | B36: 1 | C36: Twin Blade | D36: Tracking III | F36: TBoooxIII | G36: skill | H36: 4 | I36: 3 | J36: 4 | K36: 10 | N36: 12 | O36: 5 | P36: 5 | Q36: 1 | R36: 3 | S36: 1 | T36: 2 | U36: 2 | W36: 1 | X36: 2 | Y36: 1 | AA36: 1 | AB36: 1 | AE36: 1
A37: 34 | B37: 1 | C37: Twin Blade | D37: Tracking IV | F37: TBoooxIV | G37: skill | H37: 4 | I37: 4 | J37: 5 | K37: 10 | N37: 12 | O37: 5 | P37: 5 | Q37: 1 | R37: 3 | S37: 1 | T37: 2 | U37: 2 | W37: 1 | X37: 2 | Y37: 1 | AA37: 1 | AB37: 1 | AE37: 1
A38: 35 | B38: 1 | C38: Twin Blade | D38: Master Twin Blade | F38: TBMaster | G38: master | H38: 5 | I38: 5 | J38: 1 | K38: 65 | N38: 24 | O38: 8 | P38: 8 | Q38: 3 | R38: 4 | S38: 2 | T38: 4 | U38: 4 | V38: 1 | W38: 2 | X38: 2 | Y38: 2 | AA38: 2 | AB38: 2 | AD38: 1 | AE38: 2
A39: 36 | B39: 2 | C39: Wave User | D39: Novice Wave User | F39: WUNovice | G39: novice | H39: 0 | I39: 0 | J39: 5 | K39: 25 | M39: Focus_License | N39: 14 | O39: 6 | P39: 4 | Q39: 16 | R39: 1 | S39: 1 | T39: 3 | U39: 3 | V39: 6 | W39: 5 | X39: 5 | Y39: 4 | Z39: 1 | AA39: 3 | AB39: 3 | AD39: 3
A40: 37 | B40: 2 | C40: Wave User | D40: Wave Magic I | E40: Wave Magic | F40: WUxoooI | G40: skill | H40: 1 | I40: 1 | J40: 2 | K40: 10 | N40: 5 | O40: 2 | Q40: 9 | T40: 1 | V40: 4 | W40: 1 | X40: 3 | Y40: 1 | Z40: 1 | AA40: 2 | AB40: 1 | AD40: 1
A41: 38 | B41: 2 | C41: Wave User | D41: Wave Magic II | F41: WUxoooII | G41: skill | H41: 1 | I41: 2 | J41: 3 | K41: 10 | N41: 5 | O41: 2 | Q41: 9 | T41: 1 | V41: 5 | W41: 1 | X41: 3 | Y41: 1 | Z41: 1 | AA41: 2 | AB41: 1 | AD41: 1
A42: 39 | B42: 2 | C42: Wave User | D42: Wave Magic III | F42: WUxoooIII | G42: skill | H42: 1 | I42: 3 | J42: 4 | K42: 10 | N42: 9 | O42: 3 | Q42: 8 | T42: 1 | V42: 6 | W42: 1 | X42: 3 | Y42: 1 | Z42: 2 | AA42: 2 | AB42: 1 | AD42: 1 | AE42: 1
A43: 40 | B43: 2 | C43: Wave User | D43: Wave Magic IV | F43: WUxoooIV | G43: skill | H43: 1 | I43: 4 | J43: 5 | K43: 10 | N43: 9 | O43: 3 | Q43: 9 | T43: 1 | V43: 7 | W43: 1 | X43: 3 | Y43: 1 | Z43: 2 | AA43: 2 | AB43: 1 | AD43: 1 | AE43: 1
A44: 41 | B44: 2 | C44: Wave User | D44: Focus I | E44: Focus | F44: WUoxooI | G44: skill | H44: 2 | I44: 1 | J44: 2 | K44: 10 | N44: 5 | O44: 1 | P44: 1 | Q44: 6 | S44: 1 | T44: 1 | U44: 1 | V44: 3 | W44: 3 | X44: 3 | Y44: 3 | AA44: 1 | AB44: 2 | AD44: 2
A45: 42 | B45: 2 | C45: Wave User | D45: Focus II | F45: WUoxooII | G45: skill | H45: 2 | I45: 2 | J45: 3 | K45: 10 | N45: 5 | O45: 1 | P45: 1 | Q45: 6 | S45: 1 | T45: 1 | U45: 1 | V45: 3 | W45: 3 | X45: 3 | Y45: 3 | AA45: 1 | AB45: 2 | AD45: 2
A46: 43 | B46: 2 | C46: Wave User | D46: Focus III | F46: WUoxooIII | G46: skill | H46: 2 | I46: 3 | J46: 4 | K46: 10 | N46: 8 | O46: 2 | P46: 1 | Q46: 7 | S46: 1 | T46: 1 | U46: 1 | V46: 4 | W46: 3 | X46: 3 | Y46: 3 | AA46: 1 | AB46: 2 | AD46: 3
A47: 44 | B47: 2 | C47: Wave User | D47: Focus IV | F47: WUoxooIV | G47: skill | H47: 2 | I47: 4 | J47: 5 | K47: 10 | N47: 8 | O47: 2 | P47: 1 | Q47: 8 | S47: 1 | T47: 1 | U47: 1 | V47: 4 | W47: 3 | X47: 3 | Y47: 3 | AA47: 1 | AB47: 2 | AD47: 3
A48: 45 | B48: 2 | C48: Wave User | D48: Summoning I | E48: Summoning | F48: WUooxoI | G48: skill | H48: 3 | I48: 1 | J48: 2 | K48: 10 | N48: 7 | O48: 2 | Q48: 7 | T48: 1 | U48: 1 | V48: 3 | W48: 1 | X48: 3 | Y48: 1 | Z48: 1 | AA48: 3 | AB48: 2 | AD48: 1 | AE48: 1
A49: 46 | B49: 2 | C49: Wave User | D49: Summoning II | F49: WUooxoII | G49: skill | H49: 3 | I49: 2 | J49: 3 | K49: 10 | N49: 7 | O49: 2 | Q49: 8 | T49: 1 | U49: 1 | V49: 3 | W49: 1 | X49: 3 | Y49: 1 | Z49: 1 | AA49: 3 | AB49: 2 | AD49: 1 | AE49: 1
A50: 47 | B50: 2 | C50: Wave User | D50: Summoning III | F50: WUooxoIII | G50: skill | H50: 3 | I50: 3 | J50: 4 | K50: 10 | N50: 11 | O50: 3 | Q50: 9 | T50: 1 | U50: 1 | V50: 4 | W50: 1 | X50: 3 | Y50: 1 | Z50: 1 | AA50: 3 | AB50: 2 | AD50: 2 | AE50: 1
A51: 48 | B51: 2 | C51: Wave User | D51: Summoning IV | F51: WUooxoIV | G51: skill | H51: 3 | I51: 4 | J51: 5 | K51: 10 | N51: 11 | O51: 3 | Q51: 10 | T51: 1 | U51: 1 | V51: 4 | W51: 1 | X51: 3 | Y51: 1 | Z51: 1 | AA51: 3 | AB51: 2 | AD51: 2 | AE51: 1
A52: 49 | B52: 2 | C52: Wave User | D52: Elemental Studies I | E52: Elemental Studies | F52: WUoooxI | G52: skill | H52: 4 | I52: 1 | J52: 2 | K52: 10 | N52: 5 | O52: 2 | Q52: 7 | T52: 1 | U52: 1 | V52: 2 | W52: 2 | X52: 3 | Y52: 1 | Z52: 1 | AA52: 2 | AB52: 2 | AC52: 1 | AD52: 1 | AE52: 1
A53: 50 | B53: 2 | C53: Wave User | D53: Elemental Studies II | F53: WUoooxII | G53: skill | H53: 4 | I53: 2 | J53: 3 | K53: 10 | N53: 5 | O53: 2 | Q53: 8 | T53: 1 | U53: 1 | V53: 2 | W53: 2 | X53: 3 | Y53: 1 | Z53: 1 | AA53: 2 | AB53: 2 | AC53: 1 | AD53: 1 | AE53: 1
A54: 51 | B54: 2 | C54: Wave User | D54: Elemental Studies III | F54: WUoooxIII | G54: skill | H54: 4 | I54: 3 | J54: 4 | K54: 10 | N54: 9 | O54: 3 | Q54: 9 | T54: 1 | U54: 1 | V54: 3 | W54: 2 | X54: 3 | Y54: 1 | Z54: 1 | AA54: 2 | AB54: 2 | AC54: 1 | AD54: 2 | AE54: 1
A55: 52 | B55: 2 | C55: Wave User | D55: Elemental Studies IV | F55: WUoooxIV | G55: skill | H55: 4 | I55: 4 | J55: 5 | K55: 10 | N55: 9 | O55: 3 | Q55: 10 | T55: 1 | U55: 1 | V55: 3 | W55: 2 | X55: 3 | Y55: 1 | Z55: 1 | AA55: 2 | AB55: 2 | AC55: 1 | AD55: 2 | AE55: 1
A56: 53 | B56: 2 | C56: Wave User | D56: Master Wave User | F56: WUMaster | G56: master | H56: 5 | I56: 5 | J56: 1 | K56: 65 | N56: 22 | O56: 8 | P56: 5 | Q56: 20 | R56: 1 | S56: 2 | T56: 4 | U56: 4 | V56: 8 | W56: 7 | X56: 6 | Y56: 5 | Z56: 2 | AA56: 4 | AB56: 4 | AC56: 1 | AD56: 4 | AE56: 1
A57: 54 | B57: 3 | C57: Harvest Cleric | D57: Novice Harvest Cleric | F57: HCNovice | G57: novice | H57: 0 | I57: 0 | J57: 5 | K57: 25 | M57: Wand_License | N57: 18 | O57: 5 | P57: 4 | Q57: 11 | R57: 2 | S57: 2 | T57: 3 | U57: 2 | V57: 4 | W57: 4 | X57: 3 | Y57: 3 | AA57: 3 | AB57: 1 | AD57: 3 | AE57: 1
A58: 55 | B58: 3 | C58: Harvest Cleric | D58: Healing Magic I | E58: Healing Magic | F58: HCxoooI | G58: skill | H58: 1 | I58: 1 | J58: 2 | K58: 10 | N58: 5 | O58: 2 | Q58: 5 | S58: 1 | T58: 1 | V58: 3 | W58: 2 | X58: 2 | Y58: 1 | AA58: 3 | AB58: 1 | AD58: 3
A59: 56 | B59: 3 | C59: Harvest Cleric | D59: Healing Magic II | F59: HCxoooII | G59: skill | H59: 1 | I59: 2 | J59: 3 | K59: 10 | N59: 5 | O59: 2 | Q59: 6 | S59: 1 | T59: 1 | V59: 3 | W59: 2 | X59: 2 | Y59: 1 | AA59: 3 | AB59: 1 | AD59: 3
A60: 57 | B60: 3 | C60: Harvest Cleric | D60: Healing Magic III | F60: HCxoooIII | G60: skill | H60: 1 | I60: 3 | J60: 4 | K60: 10 | N60: 9 | O60: 3 | Q60: 7 | S60: 1 | T60: 1 | V60: 4 | W60: 3 | X60: 3 | Y60: 1 | AA60: 3 | AB60: 1 | AD60: 4
A61: 58 | B61: 3 | C61: Harvest Cleric | D61: Healing Magic IV | F61: HCxoooIV | G61: skill | H61: 1 | I61: 4 | J61: 5 | K61: 10 | N61: 9 | O61: 3 | Q61: 8 | S61: 1 | T61: 1 | V61: 4 | W61: 3 | X61: 3 | Y61: 1 | AA61: 3 | AB61: 1 | AD61: 4
A62: 59 | B62: 3 | C62: Harvest Cleric | D62: Light Magic I | E62: Light Magic | F62: HCoxooI | G62: skill | H62: 2 | I62: 1 | J62: 2 | K62: 10 | N62: 5 | O62: 2 | Q62: 4 | R62: 1 | S62: 1 | T62: 2 | V62: 2 | W62: 2 | X62: 2 | Y62: 1 | AA62: 2 | AB62: 1 | AD62: 3
A63: 60 | B63: 3 | C63: Harvest Cleric | D63: Light Magic II | F63: HCoxooII | G63: skill | H63: 2 | I63: 2 | J63: 3 | K63: 10 | N63: 5 | O63: 2 | Q63: 5 | R63: 1 | S63: 1 | T63: 2 | V63: 3 | W63: 2 | X63: 2 | Y63: 1 | AA63: 2 | AB63: 1 | AD63: 3
A64: 61 | B64: 3 | C64: Harvest Cleric | D64: Light Magic III | F64: HCoxooIII | G64: skill | H64: 2 | I64: 3 | J64: 4 | K64: 10 | N64: 9 | O64: 3 | Q64: 6 | R64: 1 | S64: 1 | T64: 2 | V64: 4 | W64: 2 | X64: 3 | Y64: 1 | AA64: 2 | AB64: 1 | AD64: 4
A65: 62 | B65: 3 | C65: Harvest Cleric | D65: Light Magic IV | F65: HCoxooIV | G65: skill | H65: 2 | I65: 4 | J65: 5 | K65: 10 | N65: 9 | O65: 3 | Q65: 7 | R65: 1 | S65: 1 | T65: 2 | V65: 4 | W65: 2 | X65: 3 | Y65: 1 | AA65: 2 | AB65: 1 | AD65: 4
A66: 63 | B66: 3 | C66: Harvest Cleric | D66: Dark Magic I | E66: Dark Magic | F66: HCooxoI | G66: skill | H66: 3 | I66: 1 | J66: 2 | K66: 10 | N66: 5 | O66: 2 | Q66: 3 | R66: 1 | T66: 2 | U66: 1 | V66: 2 | W66: 1 | X66: 2 | Y66: 1 | AA66: 1 | AB66: 1 | AE66: 2
A67: 64 | B67: 3 | C67: Harvest Cleric | D67: Dark Magic II | F67: HCooxoII | G67: skill | H67: 3 | I67: 2 | J67: 3 | K67: 10 | N67: 5 | O67: 2 | Q67: 4 | R67: 1 | T67: 2 | U67: 1 | V67: 2 | W67: 1 | X67: 2 | Y67: 1 | AA67: 1 | AB67: 1 | AE67: 2
A68: 65 | B68: 3 | C68: Harvest Cleric | D68: Dark Magic III | F68: HCooxoIII | G68: skill | H68: 3 | I68: 3 | J68: 4 | K68: 10 | N68: 9 | O68: 3 | Q68: 5 | R68: 1 | T68: 2 | U68: 1 | V68: 3 | W68: 1 | X68: 3 | Y68: 1 | AA68: 1 | AB68: 1 | AE68: 3
A69: 66 | B69: 3 | C69: Harvest Cleric | D69: Dark Magic IV | F69: HCooxoIV | G69: skill | H69: 3 | I69: 4 | J69: 5 | K69: 10 | N69: 9 | O69: 3 | Q69: 6 | R69: 1 | T69: 2 | U69: 1 | V69: 3 | W69: 1 | X69: 3 | Y69: 1 | AA69: 1 | AB69: 1 | AE69: 3
A70: 67 | B70: 3 | C70: Harvest Cleric | D70: Breathing I | E70: Breathing | F70: HCoooxI | G70: skill | H70: 4 | I70: 1 | J70: 2 | K70: 10 | N70: 7 | O70: 3 | P70: 2 | Q70: 3 | R70: 2 | S70: 1 | T70: 2 | U70: 3 | V70: 1 | W70: 2 | X70: 2 | Y70: 2 | AA70: 2 | AB70: 2 | AD70: 1 | AE70: 1
A71: 68 | B71: 3 | C71: Harvest Cleric | D71: Breathing II | F71: HCoooxII | G71: skill | H71: 4 | I71: 2 | J71: 3 | K71: 10 | N71: 7 | O71: 3 | P71: 2 | Q71: 4 | R71: 2 | S71: 1 | T71: 2 | U71: 3 | V71: 1 | W71: 2 | X71: 2 | Y71: 2 | AA71: 2 | AB71: 2 | AD71: 1 | AE71: 1
A72: 69 | B72: 3 | C72: Harvest Cleric | D72: Breathing III | F72: HCoooxIII | G72: skill | H72: 4 | I72: 3 | J72: 4 | K72: 10 | N72: 11 | O72: 4 | P72: 3 | Q72: 5 | R72: 2 | S72: 1 | T72: 3 | U72: 3 | V72: 2 | W72: 2 | X72: 2 | Y72: 2 | AA72: 2 | AB72: 2 | AD72: 2 | AE72: 1
A73: 70 | B73: 3 | C73: Harvest Cleric | D73: Breathing IV | F73: HCoooxIV | G73: skill | H73: 4 | I73: 4 | J73: 5 | K73: 10 | N73: 11 | O73: 4 | P73: 3 | Q73: 6 | R73: 2 | S73: 1 | T73: 3 | U73: 3 | V73: 2 | W73: 2 | X73: 2 | Y73: 2 | AA73: 2 | AB73: 2 | AD73: 2 | AE73: 1
A74: 71 | B74: 3 | C74: Harvest Cleric | D74: Master Harvest Cleric | F74: HCMaster | G74: master | H74: 5 | I74: 5 | J74: 1 | K74: 65 | N74: 28 | O74: 8 | P74: 5 | Q74: 17 | R74: 3 | S74: 3 | T74: 4 | U74: 4 | V74: 7 | W74: 5 | X74: 4 | Y74: 4 | AA74: 4 | AB74: 2 | AD74: 6 | AE74: 2
A75: 72 | B75: 4 | C75: Guard Knight | D75: Novice Guard Knight | F75: GKNovice | G75: novice | H75: 0 | I75: 0 | J75: 10 | K75: 75 | M75: Long_Blade_License | N75: 31 | O75: 5 | P75: 12 | R75: 3 | S75: 6 | T75: 2 | W75: 3 | X75: 2 | AC75: 2
A76: 73 | B76: 4 | C76: Guard Knight | D76: Defense Arts I | E76: Defense Arts | F76: GKxoooI | G76: skill | H76: 1 | I76: 1 | J76: 5 | K76: 20 | N76: 23 | S76: 6 | W76: 5 | AC76: 2 | AD76: 2
A77: 74 | B77: 4 | C77: Guard Knight | D77: Defense Arts II | F77: GKxoooII | G77: skill | H77: 1 | I77: 2 | J77: 4 | K77: 20 | N77: 23 | S77: 8 | W77: 5 | AC77: 2 | AD77: 2
A78: 75 | B78: 4 | C78: Guard Knight | D78: Defense Arts III | F78: GKxoooIII | G78: skill | H78: 1 | I78: 3 | J78: 3 | K78: 20 | N78: 31 | R78: 2 | S78: 8 | W78: 6 | AC78: 2 | AD78: 3
A79: 76 | B79: 4 | C79: Guard Knight | D79: Defense Arts IV | F79: GKxoooIV | G79: skill | H79: 1 | I79: 4 | J79: 2 | K79: 20 | N79: 39 | R79: 2 | S79: 9 | W79: 6 | AC79: 2 | AD79: 3
A80: 77 | B80: 4 | C80: Guard Knight | D80: Taunt I | E80: Taunt | F80: GKoxooI | G80: skill | H80: 2 | I80: 1 | J80: 5 | K80: 20 | N80: 15 | R80: 2 | S80: 3 | T80: 3 | W80: 3 | X80: 3 | AD80: 2
A81: 78 | B81: 4 | C81: Guard Knight | D81: Taunt II | F81: GKoxooII | G81: skill | H81: 2 | I81: 2 | J81: 4 | K81: 20 | N81: 15 | R81: 2 | S81: 5 | T81: 3 | W81: 3 | X81: 3 | Y81: 2 | AD81: 2
A82: 79 | B82: 4 | C82: Guard Knight | D82: Taunt III | F82: GKoxooIII | G82: skill | H82: 2 | I82: 3 | J82: 3 | K82: 20 | N82: 23 | R82: 2 | S82: 5 | T82: 5 | W82: 5 | X82: 5 | Y82: 2 | AD82: 2
A83: 80 | B83: 4 | C83: Guard Knight | D83: Taunt IV | F83: GKoxooIV | G83: skill | H83: 2 | I83: 4 | J83: 2 | K83: 20 | N83: 31 | R83: 3 | S83: 5 | T83: 5 | W83: 5 | X83: 5 | Y83: 3 | AD83: 2
A84: 81 | B84: 4 | C84: Guard Knight | D84: Lunge I | E84: Lunge | F84: GKooxoI | G84: skill | H84: 3 | I84: 1 | J84: 5 | K84: 20 | O84: 3 | P84: 8 | R84: 3 | T84: 5 | U84: 2 | X84: 2 | Y84: 2 | AB84: 3
A85: 82 | B85: 4 | C85: Guard Knight | D85: Lunge II | F85: GKooxoII | G85: skill | H85: 3 | I85: 2 | J85: 4 | K85: 20 | O85: 3 | P85: 9 | R85: 3 | T85: 5 | U85: 2 | X85: 2 | Y85: 2 | AB85: 3
A86: 83 | B86: 4 | C86: Guard Knight | D86: Lunge III | F86: GKooxoIII | G86: skill | H86: 3 | I86: 3 | J86: 3 | K86: 20 | N86: 8 | O86: 5 | P86: 11 | R86: 5 | S86: 2 | T86: 5 | U86: 3 | W86: 2 | X86: 2 | Y86: 2 | AB86: 3
A87: 84 | B87: 4 | C87: Guard Knight | D87: Lunge IV | F87: GKooxoIV | G87: skill | H87: 3 | I87: 4 | J87: 2 | K87: 20 | N87: 8 | O87: 5 | P87: 12 | R87: 6 | S87: 2 | T87: 6 | U87: 3 | W87: 2 | X87: 3 | Y87: 2 | AB87: 3
A88: 85 | B88: 4 | C88: Guard Knight | D88: Defense Techniques I | E88: Defense Techniques | F88: GKoooxI | G88: skill | H88: 4 | I88: 1 | J88: 5 | K88: 20 | N88: 8 | P88: 6 | R88: 2 | S88: 3 | T88: 2 | U88: 2 | W88: 3 | X88: 2 | AB88: 2
A89: 86 | B89: 4 | C89: Guard Knight | D89: Defense Techniques II | F89: GKoooxII | G89: skill | H89: 4 | I89: 2 | J89: 4 | K89: 20 | N89: 8 | P89: 8 | R89: 2 | S89: 3 | T89: 2 | U89: 2 | W89: 3 | X89: 2 | Y89: 2 | AB89: 2
A90: 87 | B90: 4 | C90: Guard Knight | D90: Defense Techniques III | F90: GKoooxIII | G90: skill | H90: 4 | I90: 3 | J90: 3 | K90: 20 | N90: 15 | P90: 9 | R90: 3 | S90: 5 | T90: 2 | U90: 2 | W90: 5 | X90: 2 | Y90: 2 | AB90: 2
A91: 88 | B91: 4 | C91: Guard Knight | D91: Defense Techniques IV | F91: GKoooxIV | G91: skill | H91: 4 | I91: 4 | J91: 2 | K91: 20 | N91: 15 | P91: 11 | R91: 3 | S91: 5 | T91: 3 | U91: 3 | W91: 5 | X91: 2 | Y91: 2 | AB91: 2
A92: 89 | B92: 4 | C92: Guard Knight | D92: Master Guard Knight | F92: GKMaster | G92: master | H92: 5 | I92: 5 | J92: 1 | K92: 105 | N92: 54 | O92: 8 | P92: 15 | R92: 6 | S92: 14 | T92: 5 | U92: 2 | W92: 9 | X92: 3 | Y92: 2 | AB92: 2 | AC92: 3 | AD92: 3
A93: 90 | B93: 5 | C93: Branded Barbarian | D93: Novice Branded Barbarian | F93: BBNovice | G93: novice | H93: 0 | I93: 0 | J93: 10 | K93: 75 | M93: Heavy_Axe_License | N93: 30 | O93: 8 | P93: 8 | R93: 7 | S93: 2 | T93: 3 | U93: 2 | W93: 1 | X93: 1 | AA93: 1 | AE93: 1
A94: 91 | B94: 5 | C94: Branded Barbarian | D94: 2H Mastery I | E94: 2H Mastery | F94: BBxoooI | G94: skill | H94: 1 | I94: 1 | J94: 5 | K94: 20 | N94: 10 | O94: 3 | P94: 3 | R94: 6 | S94: 2 | T94: 3 | U94: 1 | X94: 1 | AE94: 1
A95: 92 | B95: 5 | C95: Branded Barbarian | D95: 2H Mastery II | F95: BBxoooII | G95: skill | H95: 1 | I95: 2 | J95: 4 | K95: 20 | N95: 10 | O95: 3 | P95: 3 | R95: 6 | S95: 2 | T95: 3 | U95: 1 | X95: 1 | AE95: 1
A96: 93 | B96: 5 | C96: Branded Barbarian | D96: 2H Mastery III | F96: BBxoooIII | G96: skill | H96: 1 | I96: 3 | J96: 3 | K96: 20 | N96: 16 | O96: 4 | P96: 4 | R96: 7 | S96: 2 | T96: 3 | U96: 1 | X96: 1 | AE96: 1
A97: 94 | B97: 5 | C97: Branded Barbarian | D97: 2H Mastery IV | F97: BBxoooIV | G97: skill | H97: 1 | I97: 4 | J97: 2 | K97: 20 | N97: 16 | O97: 4 | P97: 4 | R97: 7 | S97: 2 | T97: 3 | U97: 1 | X97: 1 | AE97: 1
A98: 95 | B98: 5 | C98: Branded Barbarian | D98: Fury I | E98: Fury | F98: BBoxooI | G98: skill | H98: 2 | I98: 1 | J98: 5 | K98: 20 | N98: 8 | O98: 3 | P98: 3 | R98: 6 | S98: 1 | T98: 2 | U98: 2 | W98: 1 | AA98: 1 | AE98: 1
A99: 96 | B99: 5 | C99: Branded Barbarian | D99: Fury II | F99: BBoxooII | G99: skill | H99: 2 | I99: 2 | J99: 4 | K99: 20 | N99: 8 | O99: 3 | P99: 3 | R99: 6 | S99: 1 | T99: 2 | U99: 2 | W99: 1 | AA99: 1 | AE99: 1
A100: 97 | B100: 5 | C100: Branded Barbarian | D100: Fury III | F100: BBoxooIII | G100: skill | H100: 2 | I100: 3 | J100: 3 | K100: 20 | N100: 12 | O100: 4 | P100: 4 | R100: 7 | S100: 2 | T100: 2 | U100: 2 | W100: 1 | X100: 1 | AA100: 1 | AB100: 1 | AE100: 1
...

Sheet Skills
A1: One row per skill. class_id links to Classes. skill_box_id links to SkillBoxes — this is which box the skill belongs to (players must unlock the box to get the skill). resource: SP | TP | MP | none. target: Single | AOE | Self | Ally. power is a multiplier on base PATK/MATK. Leave effect columns blank if no status effect. Effect_type matches to Skills_Effects. Effect_duration is how many "turns" of combat it lasts. Effect_value is how strong the effect is. Effect_target helps explain which stat or property is modified by the skill. Element helps identify how the skill works on the Elements amplification.
A2: id | B2: name | C2: class_id | D2: class_name (reference) | E2: skill_box_id | F2: skill_box_name (reference) | G2: cost | H2: resource | I2: damage_type | J2: target | K2: power | L2: effect_type | M2: effect_duration | N2: effect_value | O2: effect_target | P2: skill_element | Q2: notes
A3: 0 | B3: Draw Strike | C3: {=INDEX(SkillBoxes!A2:D578,MATCH(E3,SkillBoxes!A2:A578,0),2)} -> 0 | D3: {=INDEX(SkillBoxes!A2:D578,MATCH(E3,SkillBoxes!A2:A578,0),3)} -> Blade Brandier | E3: 0 | F3: {=INDEX(SkillBoxes!A2:D578,MATCH(E3,SkillBoxes!A2:A578,0),4)} -> Novice Blade Brandier | G3: 4 | H3: SP | I3: Physical | J3: Single | K3: 1
A4: 1 | B4: Cross Slash I | C4: {=INDEX(SkillBoxes!A3:D579,MATCH(E4,SkillBoxes!A3:A579,0),2)} -> 0 | D4: {=INDEX(SkillBoxes!A3:D579,MATCH(E4,SkillBoxes!A3:A579,0),3)} -> Blade Brandier | E4: 1 | F4: {=INDEX(SkillBoxes!A3:D579,MATCH(E4,SkillBoxes!A3:A579,0),4)} -> Sword Handling I | G4: 6 | H4: SP | I4: Physical | J4: Single | K4: 1.1
A5: 2 | B5: Cross Slash II | C5: {=INDEX(SkillBoxes!A4:D580,MATCH(E5,SkillBoxes!A4:A580,0),2)} -> 0 | D5: {=INDEX(SkillBoxes!A4:D580,MATCH(E5,SkillBoxes!A4:A580,0),3)} -> Blade Brandier | E5: 2 | F5: {=INDEX(SkillBoxes!A4:D580,MATCH(E5,SkillBoxes!A4:A580,0),4)} -> Sword Handling II | G5: 8 | H5: SP | I5: Physical | J5: Single | K5: 1.2
A6: 3 | B6: Cross Slash III | C6: {=INDEX(SkillBoxes!A5:D581,MATCH(E6,SkillBoxes!A5:A581,0),2)} -> 0 | D6: {=INDEX(SkillBoxes!A5:D581,MATCH(E6,SkillBoxes!A5:A581,0),3)} -> Blade Brandier | E6: 3 | F6: {=INDEX(SkillBoxes!A5:D581,MATCH(E6,SkillBoxes!A5:A581,0),4)} -> Sword Handling III | G6: 10 | H6: SP | I6: Physical | J6: Single | K6: 1.4 | L6: Bleed | M6: 3 | N6: -2 | O6: HP
A7: 4 | B7: Cross Slash IV | C7: {=INDEX(SkillBoxes!A6:D582,MATCH(E7,SkillBoxes!A6:A582,0),2)} -> 0 | D7: {=INDEX(SkillBoxes!A6:D582,MATCH(E7,SkillBoxes!A6:A582,0),3)} -> Blade Brandier | E7: 4 | F7: {=INDEX(SkillBoxes!A6:D582,MATCH(E7,SkillBoxes!A6:A582,0),4)} -> Sword Handling IV | G7: 12 | H7: SP | I7: Physical | J7: Single | K7: 1.6 | L7: Bleed | M7: 5 | N7: -4 | O7: HP
A8: 5 | B8: Rising Cut I | C8: {=INDEX(SkillBoxes!A7:D583,MATCH(E8,SkillBoxes!A7:A583,0),2)} -> 0 | D8: {=INDEX(SkillBoxes!A7:D583,MATCH(E8,SkillBoxes!A7:A583,0),3)} -> Blade Brandier | E8: 5 | F8: {=INDEX(SkillBoxes!A7:D583,MATCH(E8,SkillBoxes!A7:A583,0),4)} -> Sword Techniques I | G8: 6 | H8: SP | I8: Physical | J8: Single | K8: 1.2 | L8: Curse | M8: 2 | N8: 0.05 | O8: PDEF
A9: 6 | B9: Rising Cut II | C9: {=INDEX(SkillBoxes!A8:D584,MATCH(E9,SkillBoxes!A8:A584,0),2)} -> 0 | D9: {=INDEX(SkillBoxes!A8:D584,MATCH(E9,SkillBoxes!A8:A584,0),3)} -> Blade Brandier | E9: 6 | F9: {=INDEX(SkillBoxes!A8:D584,MATCH(E9,SkillBoxes!A8:A584,0),4)} -> Sword Techniques II | G9: 8 | H9: SP | I9: Physical | J9: Single | K9: 1.35 | L9: Curse | M9: 3 | N9: 0.1 | O9: PDEF
A10: 7 | B10: Pommel Strike | C10: {=INDEX(SkillBoxes!A9:D585,MATCH(E10,SkillBoxes!A9:A585,0),2)} -> 0 | D10: {=INDEX(SkillBoxes!A9:D585,MATCH(E10,SkillBoxes!A9:A585,0),3)} -> Blade Brandier | E10: 7 | F10: {=INDEX(SkillBoxes!A9:D585,MATCH(E10,SkillBoxes!A9:A585,0),4)} -> Sword Techniques III | G10: 10 | H10: SP | I10: Physical | J10: Single | K10: 0.8 | L10: Stun | M10: 2
A11: 8 | B11: Blade Storm | C11: {=INDEX(SkillBoxes!A10:D586,MATCH(E11,SkillBoxes!A10:A586,0),2)} -> 0 | D11: {=INDEX(SkillBoxes!A10:D586,MATCH(E11,SkillBoxes!A10:A586,0),3)} -> Blade Brandier | E11: 8 | F11: {=INDEX(SkillBoxes!A10:D586,MATCH(E11,SkillBoxes!A10:A586,0),4)} -> Sword Techniques IV | G11: 8 | H11: TP | I11: Physical | J11: AOE | K11: 0.7
A12: 9 | B12: Crescent Draw I | C12: {=INDEX(SkillBoxes!A11:D587,MATCH(E12,SkillBoxes!A11:A587,0),2)} -> 0 | D12: {=INDEX(SkillBoxes!A11:D587,MATCH(E12,SkillBoxes!A11:A587,0),3)} -> Blade Brandier | E12: 9 | F12: {=INDEX(SkillBoxes!A11:D587,MATCH(E12,SkillBoxes!A11:A587,0),4)} -> Sword Arts I | G12: 6 | H12: SP | I12: Physical | J12: Single | K12: 1.3 | P12: Light
A13: 10 | B13: Crescent Draw II | C13: {=INDEX(SkillBoxes!A12:D588,MATCH(E13,SkillBoxes!A12:A588,0),2)} -> 0 | D13: {=INDEX(SkillBoxes!A12:D588,MATCH(E13,SkillBoxes!A12:A588,0),3)} -> Blade Brandier | E13: 10 | F13: {=INDEX(SkillBoxes!A12:D588,MATCH(E13,SkillBoxes!A12:A588,0),4)} -> Sword Arts II | G13: 8 | H13: SP | I13: Physical | J13: Single | K13: 1.5 | P13: Light
A14: 11 | B14: Mirror Slash | C14: {=INDEX(SkillBoxes!A13:D589,MATCH(E14,SkillBoxes!A13:A589,0),2)} -> 0 | D14: {=INDEX(SkillBoxes!A13:D589,MATCH(E14,SkillBoxes!A13:A589,0),3)} -> Blade Brandier | E14: 11 | F14: {=INDEX(SkillBoxes!A13:D589,MATCH(E14,SkillBoxes!A13:A589,0),4)} -> Sword Arts III | G14: 15 | H14: MP | I14: Physical | J14: Self | K14: 0 | L14: Mirror | M14: 1
A15: 12 | B15: Radiant Edge | C15: {=INDEX(SkillBoxes!A14:D590,MATCH(E15,SkillBoxes!A14:A590,0),2)} -> 0 | D15: {=INDEX(SkillBoxes!A14:D590,MATCH(E15,SkillBoxes!A14:A590,0),3)} -> Blade Brandier | E15: 12 | F15: {=INDEX(SkillBoxes!A14:D590,MATCH(E15,SkillBoxes!A14:A590,0),4)} -> Sword Arts IV | G15: 20 | H15: MP | I15: Magical | J15: Single | K15: 1.5 | P15: Light
A16: 13 | B16: Slashing Blade I | C16: {=INDEX(SkillBoxes!A15:D591,MATCH(E16,SkillBoxes!A15:A591,0),2)} -> 0 | D16: {=INDEX(SkillBoxes!A15:D591,MATCH(E16,SkillBoxes!A15:A591,0),3)} -> Blade Brandier | E16: 13 | F16: {=INDEX(SkillBoxes!A15:D591,MATCH(E16,SkillBoxes!A15:A591,0),4)} -> Slashing Blade I | G16: 6 | H16: SP | I16: Physical | J16: Single | K16: 1.1
A17: 14 | B17: Slashing Blade II | C17: {=INDEX(SkillBoxes!A16:D592,MATCH(E17,SkillBoxes!A16:A592,0),2)} -> 0 | D17: {=INDEX(SkillBoxes!A16:D592,MATCH(E17,SkillBoxes!A16:A592,0),3)} -> Blade Brandier | E17: 14 | F17: {=INDEX(SkillBoxes!A16:D592,MATCH(E17,SkillBoxes!A16:A592,0),4)} -> Slashing Blade II | G17: 8 | H17: SP | I17: Physical | J17: Single | K17: 1.2
A18: 15 | B18: Slashing Blade III | C18: {=INDEX(SkillBoxes!A17:D593,MATCH(E18,SkillBoxes!A17:A593,0),2)} -> 0 | D18: {=INDEX(SkillBoxes!A17:D593,MATCH(E18,SkillBoxes!A17:A593,0),3)} -> Blade Brandier | E18: 15 | F18: {=INDEX(SkillBoxes!A17:D593,MATCH(E18,SkillBoxes!A17:A593,0),4)} -> Slashing Blade III | G18: 10 | H18: SP | I18: Physical | J18: Single | K18: 1.4
A19: 16 | B19: Slashing Blade IV | C19: {=INDEX(SkillBoxes!A18:D594,MATCH(E19,SkillBoxes!A18:A594,0),2)} -> 0 | D19: {=INDEX(SkillBoxes!A18:D594,MATCH(E19,SkillBoxes!A18:A594,0),3)} -> Blade Brandier | E19: 16 | F19: {=INDEX(SkillBoxes!A18:D594,MATCH(E19,SkillBoxes!A18:A594,0),4)} -> Slashing Blade IV | G19: 12 | H19: SP | I19: Physical | J19: Single | K19: 1.6
A20: 17 | B20: Blade Storm II | C20: {=INDEX(SkillBoxes!A19:D595,MATCH(E20,SkillBoxes!A19:A595,0),2)} -> 0 | D20: {=INDEX(SkillBoxes!A19:D595,MATCH(E20,SkillBoxes!A19:A595,0),3)} -> Blade Brandier | E20: 17 | F20: {=INDEX(SkillBoxes!A19:D595,MATCH(E20,SkillBoxes!A19:A595,0),4)} -> Master Blade Brandier | G20: 12 | H20: TP | I20: Physical | J20: AOE | K20: 0.9
A21: 18 | B21: Twin Fang | C21: {=INDEX(SkillBoxes!A20:D596,MATCH(E21,SkillBoxes!A20:A596,0),2)} -> 1 | D21: {=INDEX(SkillBoxes!A20:D596,MATCH(E21,SkillBoxes!A20:A596,0),3)} -> Twin Blade | E21: 18 | F21: {=INDEX(SkillBoxes!A20:D596,MATCH(E21,SkillBoxes!A20:A596,0),4)} -> Novice Twin Blade | G21: 4 | H21: SP | I21: Physical | J21: Single | K21: 1
A22: 19 | B22: Pinpoint I | C22: {=INDEX(SkillBoxes!A21:D597,MATCH(E22,SkillBoxes!A21:A597,0),2)} -> 1 | D22: {=INDEX(SkillBoxes!A21:D597,MATCH(E22,SkillBoxes!A21:A597,0),3)} -> Twin Blade | E22: 19 | F22: {=INDEX(SkillBoxes!A21:D597,MATCH(E22,SkillBoxes!A21:A597,0),4)} -> Aim I | G22: 6 | H22: SP | I22: Physical | J22: Single | K22: 1.1
A23: 20 | B23: Pinpoint II | C23: {=INDEX(SkillBoxes!A22:D598,MATCH(E23,SkillBoxes!A22:A598,0),2)} -> 1 | D23: {=INDEX(SkillBoxes!A22:D598,MATCH(E23,SkillBoxes!A22:A598,0),3)} -> Twin Blade | E23: 20 | F23: {=INDEX(SkillBoxes!A22:D598,MATCH(E23,SkillBoxes!A22:A598,0),4)} -> Aim II | G23: 8 | H23: SP | I23: Physical | J23: Single | K23: 1.2
A24: 21 | B24: Blade Sight | C24: {=INDEX(SkillBoxes!A23:D599,MATCH(E24,SkillBoxes!A23:A599,0),2)} -> 1 | D24: {=INDEX(SkillBoxes!A23:D599,MATCH(E24,SkillBoxes!A23:A599,0),3)} -> Twin Blade | E24: 21 | F24: {=INDEX(SkillBoxes!A23:D599,MATCH(E24,SkillBoxes!A23:A599,0),4)} -> Aim III | G24: 10 | H24: TP | I24: Physical | J24: Single | K24: 1.4 | L24: Curse | M24: 2 | N24: 0.05 | O24: PHIT
A25: 22 | B25: Target Lock | C25: {=INDEX(SkillBoxes!A24:D600,MATCH(E25,SkillBoxes!A24:A600,0),2)} -> 1 | D25: {=INDEX(SkillBoxes!A24:D600,MATCH(E25,SkillBoxes!A24:A600,0),3)} -> Twin Blade | E25: 22 | F25: {=INDEX(SkillBoxes!A24:D600,MATCH(E25,SkillBoxes!A24:A600,0),4)} -> Aim IV | G25: 12 | H25: TP | I25: Physical | J25: Single | K25: 1.6 | L25: Curse | M25: 3 | N25: 0.1 | O25: PEVA
A26: 23 | B26: Dagger Rush I | C26: {=INDEX(SkillBoxes!A25:D601,MATCH(E26,SkillBoxes!A25:A601,0),2)} -> 1 | D26: {=INDEX(SkillBoxes!A25:D601,MATCH(E26,SkillBoxes!A25:A601,0),3)} -> Twin Blade | E26: 23 | F26: {=INDEX(SkillBoxes!A25:D601,MATCH(E26,SkillBoxes!A25:A601,0),4)} -> Close Combat I | G26: 6 | H26: SP | I26: Physical | J26: Single | K26: 1.1
A27: 24 | B27: Dagger Rush II | C27: {=INDEX(SkillBoxes!A26:D602,MATCH(E27,SkillBoxes!A26:A602,0),2)} -> 1 | D27: {=INDEX(SkillBoxes!A26:D602,MATCH(E27,SkillBoxes!A26:A602,0),3)} -> Twin Blade | E27: 24 | F27: {=INDEX(SkillBoxes!A26:D602,MATCH(E27,SkillBoxes!A26:A602,0),4)} -> Close Combat II | G27: 8 | H27: SP | I27: Physical | J27: Single | K27: 1.25
A28: 25 | B28: Spinning Blades | C28: {=INDEX(SkillBoxes!A27:D603,MATCH(E28,SkillBoxes!A27:A603,0),2)} -> 1 | D28: {=INDEX(SkillBoxes!A27:D603,MATCH(E28,SkillBoxes!A27:A603,0),3)} -> Twin Blade | E28: 25 | F28: {=INDEX(SkillBoxes!A27:D603,MATCH(E28,SkillBoxes!A27:A603,0),4)} -> Close Combat III | G28: 10 | H28: SP | I28: Physical | J28: AOE | K28: 0.9
A29: 26 | B29: Dual Tempest | C29: {=INDEX(SkillBoxes!A28:D604,MATCH(E29,SkillBoxes!A28:A604,0),2)} -> 1 | D29: {=INDEX(SkillBoxes!A28:D604,MATCH(E29,SkillBoxes!A28:A604,0),3)} -> Twin Blade | E29: 26 | F29: {=INDEX(SkillBoxes!A28:D604,MATCH(E29,SkillBoxes!A28:A604,0),4)} -> Close Combat IV | G29: 12 | H29: SP | I29: Physical | J29: Single | K29: 1.5 | L29: Bleed | M29: 2 | N29: -1 | O29: HP
A30: 27 | B30: Shadow Step I | C30: {=INDEX(SkillBoxes!A29:D605,MATCH(E30,SkillBoxes!A29:A605,0),2)} -> 1 | D30: {=INDEX(SkillBoxes!A29:D605,MATCH(E30,SkillBoxes!A29:A605,0),3)} -> Twin Blade | E30: 27 | F30: {=INDEX(SkillBoxes!A29:D605,MATCH(E30,SkillBoxes!A29:A605,0),4)} -> Stealth I | G30: 6 | H30: SP | I30: Physical | J30: Single | K30: 1 | L30: Stun | M30: 1
A31: 28 | B31: Shadow Step II | C31: {=INDEX(SkillBoxes!A30:D606,MATCH(E31,SkillBoxes!A30:A606,0),2)} -> 1 | D31: {=INDEX(SkillBoxes!A30:D606,MATCH(E31,SkillBoxes!A30:A606,0),3)} -> Twin Blade | E31: 28 | F31: {=INDEX(SkillBoxes!A30:D606,MATCH(E31,SkillBoxes!A30:A606,0),4)} -> Stealth II | G31: 8 | H31: SP | I31: Physical | J31: Single | K31: 1.15 | L31: Stun | M31: 2
A32: 29 | B32: Vanishing Slash | C32: {=INDEX(SkillBoxes!A31:D607,MATCH(E32,SkillBoxes!A31:A607,0),2)} -> 1 | D32: {=INDEX(SkillBoxes!A31:D607,MATCH(E32,SkillBoxes!A31:A607,0),3)} -> Twin Blade | E32: 29 | F32: {=INDEX(SkillBoxes!A31:D607,MATCH(E32,SkillBoxes!A31:A607,0),4)} -> Stealth III | G32: 10 | H32: TP | I32: Physical | J32: Single | K32: 1.3 | L32: Curse | M32: 2 | N32: 0.05 | O32: PHIT
A33: 30 | B33: Assassin's Veil | C33: {=INDEX(SkillBoxes!A32:D608,MATCH(E33,SkillBoxes!A32:A608,0),2)} -> 1 | D33: {=INDEX(SkillBoxes!A32:D608,MATCH(E33,SkillBoxes!A32:A608,0),3)} -> Twin Blade | E33: 30 | F33: {=INDEX(SkillBoxes!A32:D608,MATCH(E33,SkillBoxes!A32:A608,0),4)} -> Stealth IV | G33: 12 | H33: TP | I33: Physical | J33: Self | K33: 0 | L33: Buff | M33: 2 | N33: 0.15 | O33: PEVA
A34: 31 | B34: Mark Target I | C34: {=INDEX(SkillBoxes!A33:D609,MATCH(E34,SkillBoxes!A33:A609,0),2)} -> 1 | D34: {=INDEX(SkillBoxes!A33:D609,MATCH(E34,SkillBoxes!A33:A609,0),3)} -> Twin Blade | E34: 31 | F34: {=INDEX(SkillBoxes!A33:D609,MATCH(E34,SkillBoxes!A33:A609,0),4)} -> Tracking I | G34: 6 | H34: SP | I34: Physical | J34: Single | K34: 1.1
A35: 32 | B35: Mark Target II | C35: {=INDEX(SkillBoxes!A34:D610,MATCH(E35,SkillBoxes!A34:A610,0),2)} -> 1 | D35: {=INDEX(SkillBoxes!A34:D610,MATCH(E35,SkillBoxes!A34:A610,0),3)} -> Twin Blade | E35: 32 | F35: {=INDEX(SkillBoxes!A34:D610,MATCH(E35,SkillBoxes!A34:A610,0),4)} -> Tracking II | G35: 8 | H35: SP | I35: Physical | J35: Single | K35: 1.2 | L35: Bleed | M35: 2 | N35: -1 | O35: HP
A36: 33 | B36: Pursuit Strike | C36: {=INDEX(SkillBoxes!A35:D611,MATCH(E36,SkillBoxes!A35:A611,0),2)} -> 1 | D36: {=INDEX(SkillBoxes!A35:D611,MATCH(E36,SkillBoxes!A35:A611,0),3)} -> Twin Blade | E36: 33 | F36: {=INDEX(SkillBoxes!A35:D611,MATCH(E36,SkillBoxes!A35:A611,0),4)} -> Tracking III | G36: 10 | H36: SP | I36: Physical | J36: Single | K36: 1.4 | L36: Bleed | M36: 3 | N36: -2 | O36: HP
A37: 34 | B37: Prey Sense | C37: {=INDEX(SkillBoxes!A36:D612,MATCH(E37,SkillBoxes!A36:A612,0),2)} -> 1 | D37: {=INDEX(SkillBoxes!A36:D612,MATCH(E37,SkillBoxes!A36:A612,0),3)} -> Twin Blade | E37: 34 | F37: {=INDEX(SkillBoxes!A36:D612,MATCH(E37,SkillBoxes!A36:A612,0),4)} -> Tracking IV | G37: 12 | H37: TP | I37: Physical | J37: Single | K37: 1.5 | L37: Bleed | M37: 4 | N37: -3 | O37: HP | P37: Dark
A38: 35 | B38: Twin Phantom | C38: {=INDEX(SkillBoxes!A37:D613,MATCH(E38,SkillBoxes!A37:A613,0),2)} -> 1 | D38: {=INDEX(SkillBoxes!A37:D613,MATCH(E38,SkillBoxes!A37:A613,0),3)} -> Twin Blade | E38: 35 | F38: {=INDEX(SkillBoxes!A37:D613,MATCH(E38,SkillBoxes!A37:A613,0),4)} -> Master Twin Blade | G38: 14 | H38: TP | I38: Physical | J38: AOE | K38: 1 | L38: Bleed | M38: 3 | N38: -3 | O38: HP
A39: 36 | B39: Wave Pulse | C39: {=INDEX(SkillBoxes!A38:D614,MATCH(E39,SkillBoxes!A38:A614,0),2)} -> 2 | D39: {=INDEX(SkillBoxes!A38:D614,MATCH(E39,SkillBoxes!A38:A614,0),3)} -> Wave User | E39: 36 | F39: {=INDEX(SkillBoxes!A38:D614,MATCH(E39,SkillBoxes!A38:A614,0),4)} -> Novice Wave User | G39: 4 | H39: MP | I39: Magical | J39: Single | K39: 1
A40: 37 | B40: Drain I | C40: {=INDEX(SkillBoxes!A39:D615,MATCH(E40,SkillBoxes!A39:A615,0),2)} -> 2 | D40: {=INDEX(SkillBoxes!A39:D615,MATCH(E40,SkillBoxes!A39:A615,0),3)} -> Wave User | E40: 37 | F40: {=INDEX(SkillBoxes!A39:D615,MATCH(E40,SkillBoxes!A39:A615,0),4)} -> Wave Magic I | G40: 6 | H40: MP | I40: Magical | J40: Single | K40: 1.1
A41: 38 | B41: Drain II | C41: {=INDEX(SkillBoxes!A40:D616,MATCH(E41,SkillBoxes!A40:A616,0),2)} -> 2 | D41: {=INDEX(SkillBoxes!A40:D616,MATCH(E41,SkillBoxes!A40:A616,0),3)} -> Wave User | E41: 38 | F41: {=INDEX(SkillBoxes!A40:D616,MATCH(E41,SkillBoxes!A40:A616,0),4)} -> Wave Magic II | G41: 8 | H41: MP | I41: Magical | J41: Single | K41: 1.25
A42: 39 | B42: Drain III | C42: {=INDEX(SkillBoxes!A41:D617,MATCH(E42,SkillBoxes!A41:A617,0),2)} -> 2 | D42: {=INDEX(SkillBoxes!A41:D617,MATCH(E42,SkillBoxes!A41:A617,0),3)} -> Wave User | E42: 39 | F42: {=INDEX(SkillBoxes!A41:D617,MATCH(E42,SkillBoxes!A41:A617,0),4)} -> Wave Magic III | G42: 10 | H42: MP | I42: Magical | J42: Single | K42: 1.4 | L42: Curse | M42: 2 | N42: 0.05 | O42: MDEF
A43: 40 | B43: Drain IV | C43: {=INDEX(SkillBoxes!A42:D618,MATCH(E43,SkillBoxes!A42:A618,0),2)} -> 2 | D43: {=INDEX(SkillBoxes!A42:D618,MATCH(E43,SkillBoxes!A42:A618,0),3)} -> Wave User | E43: 40 | F43: {=INDEX(SkillBoxes!A42:D618,MATCH(E43,SkillBoxes!A42:A618,0),4)} -> Wave Magic IV | G43: 12 | H43: MP | I43: Magical | J43: Single | K43: 1.6 | L43: Curse | M43: 3 | N43: 0.1 | O43: MDEF
A44: 41 | B44: Resonance I | C44: {=INDEX(SkillBoxes!A43:D619,MATCH(E44,SkillBoxes!A43:A619,0),2)} -> 2 | D44: {=INDEX(SkillBoxes!A43:D619,MATCH(E44,SkillBoxes!A43:A619,0),3)} -> Wave User | E44: 41 | F44: {=INDEX(SkillBoxes!A43:D619,MATCH(E44,SkillBoxes!A43:A619,0),4)} -> Focus I | G44: 6 | H44: MP | I44: Magical | J44: Self | K44: 0 | L44: Buff | M44: 2 | N44: 0.1 | O44: MATK
A45: 42 | B45: Resonance II | C45: {=INDEX(SkillBoxes!A44:D620,MATCH(E45,SkillBoxes!A44:A620,0),2)} -> 2 | D45: {=INDEX(SkillBoxes!A44:D620,MATCH(E45,SkillBoxes!A44:A620,0),3)} -> Wave User | E45: 42 | F45: {=INDEX(SkillBoxes!A44:D620,MATCH(E45,SkillBoxes!A44:A620,0),4)} -> Focus II | G45: 8 | H45: MP | I45: Magical | J45: Self | K45: 0 | L45: Buff | M45: 3 | N45: 0.15 | O45: MATK
A46: 43 | B46: Wave Sync | C46: {=INDEX(SkillBoxes!A45:D621,MATCH(E46,SkillBoxes!A45:A621,0),2)} -> 2 | D46: {=INDEX(SkillBoxes!A45:D621,MATCH(E46,SkillBoxes!A45:A621,0),3)} -> Wave User | E46: 43 | F46: {=INDEX(SkillBoxes!A45:D621,MATCH(E46,SkillBoxes!A45:A621,0),4)} -> Focus III | G46: 10 | H46: MP | I46: Magical | J46: Self | K46: 0 | L46: Buff | M46: 2 | N46: 0.1 | O46: MHIT
A47: 44 | B47: Signal Boost | C47: {=INDEX(SkillBoxes!A46:D622,MATCH(E47,SkillBoxes!A46:A622,0),2)} -> 2 | D47: {=INDEX(SkillBoxes!A46:D622,MATCH(E47,SkillBoxes!A46:A622,0),3)} -> Wave User | E47: 44 | F47: {=INDEX(SkillBoxes!A46:D622,MATCH(E47,SkillBoxes!A46:A622,0),4)} -> Focus IV | G47: 12 | H47: MP | I47: Magical | J47: Self | K47: 0 | L47: Buff | M47: 3 | N47: 0.2 | O47: MATK
A48: 45 | B48: Phantom Call I | C48: {=INDEX(SkillBoxes!A47:D623,MATCH(E48,SkillBoxes!A47:A623,0),2)} -> 2 | D48: {=INDEX(SkillBoxes!A47:D623,MATCH(E48,SkillBoxes!A47:A623,0),3)} -> Wave User | E48: 45 | F48: {=INDEX(SkillBoxes!A47:D623,MATCH(E48,SkillBoxes!A47:A623,0),4)} -> Summoning I | G48: 6 | H48: MP | I48: Magical | J48: Single | K48: 1.1
A49: 46 | B49: Phantom Call II | C49: {=INDEX(SkillBoxes!A48:D624,MATCH(E49,SkillBoxes!A48:A624,0),2)} -> 2 | D49: {=INDEX(SkillBoxes!A48:D624,MATCH(E49,SkillBoxes!A48:A624,0),3)} -> Wave User | E49: 46 | F49: {=INDEX(SkillBoxes!A48:D624,MATCH(E49,SkillBoxes!A48:A624,0),4)} -> Summoning II | G49: 8 | H49: MP | I49: Magical | J49: Single | K49: 1.25
A50: 47 | B50: Phantom Call III | C50: {=INDEX(SkillBoxes!A49:D625,MATCH(E50,SkillBoxes!A49:A625,0),2)} -> 2 | D50: {=INDEX(SkillBoxes!A49:D625,MATCH(E50,SkillBoxes!A49:A625,0),3)} -> Wave User | E50: 47 | F50: {=INDEX(SkillBoxes!A49:D625,MATCH(E50,SkillBoxes!A49:A625,0),4)} -> Summoning III | G50: 10 | H50: MP | I50: Magical | J50: AOE | K50: 0.9
A51: 48 | B51: Phantom Surge | C51: {=INDEX(SkillBoxes!A50:D626,MATCH(E51,SkillBoxes!A50:A626,0),2)} -> 2 | D51: {=INDEX(SkillBoxes!A50:D626,MATCH(E51,SkillBoxes!A50:A626,0),3)} -> Wave User | E51: 48 | F51: {=INDEX(SkillBoxes!A50:D626,MATCH(E51,SkillBoxes!A50:A626,0),4)} -> Summoning IV | G51: 12 | H51: MP | I51: Magical | J51: AOE | K51: 1 | L51: Stun | M51: 1
A52: 49 | B52: Elemental Bolt I | C52: {=INDEX(SkillBoxes!A51:D627,MATCH(E52,SkillBoxes!A51:A627,0),2)} -> 2 | D52: {=INDEX(SkillBoxes!A51:D627,MATCH(E52,SkillBoxes!A51:A627,0),3)} -> Wave User | E52: 49 | F52: {=INDEX(SkillBoxes!A51:D627,MATCH(E52,SkillBoxes!A51:A627,0),4)} -> Elemental Studies I | G52: 6 | H52: MP | I52: Magical | J52: Single | K52: 1.1 | P52: Fire
A53: 50 | B53: Elemental Bolt II | C53: {=INDEX(SkillBoxes!A52:D628,MATCH(E53,SkillBoxes!A52:A628,0),2)} -> 2 | D53: {=INDEX(SkillBoxes!A52:D628,MATCH(E53,SkillBoxes!A52:A628,0),3)} -> Wave User | E53: 50 | F53: {=INDEX(SkillBoxes!A52:D628,MATCH(E53,SkillBoxes!A52:A628,0),4)} -> Elemental Studies II | G53: 8 | H53: MP | I53: Magical | J53: Single | K53: 1.2 | P53: Water
A54: 51 | B54: Elemental Bolt III | C54: {=INDEX(SkillBoxes!A53:D629,MATCH(E54,SkillBoxes!A53:A629,0),2)} -> 2 | D54: {=INDEX(SkillBoxes!A53:D629,MATCH(E54,SkillBoxes!A53:A629,0),3)} -> Wave User | E54: 51 | F54: {=INDEX(SkillBoxes!A53:D629,MATCH(E54,SkillBoxes!A53:A629,0),4)} -> Elemental Studies III | G54: 10 | H54: MP | I54: Magical | J54: Single | K54: 1.4 | L54: Curse | M54: 2 | N54: 0.05 | O54: MDEF | P54: Earth
A55: 52 | B55: Elemental Nova | C55: {=INDEX(SkillBoxes!A54:D630,MATCH(E55,SkillBoxes!A54:A630,0),2)} -> 2 | D55: {=INDEX(SkillBoxes!A54:D630,MATCH(E55,SkillBoxes!A54:A630,0),3)} -> Wave User | E55: 52 | F55: {=INDEX(SkillBoxes!A54:D630,MATCH(E55,SkillBoxes!A54:A630,0),4)} -> Elemental Studies IV | G55: 12 | H55: MP | I55: Magical | J55: AOE | K55: 0.9 | L55: Curse | M55: 2 | N55: 0.05 | O55: MDEF | P55: Air
A56: 53 | B56: Tri-Edge Storm | C56: {=INDEX(SkillBoxes!A55:D631,MATCH(E56,SkillBoxes!A55:A631,0),2)} -> 2 | D56: {=INDEX(SkillBoxes!A55:D631,MATCH(E56,SkillBoxes!A55:A631,0),3)} -> Wave User | E56: 53 | F56: {=INDEX(SkillBoxes!A55:D631,MATCH(E56,SkillBoxes!A55:A631,0),4)} -> Master Wave User | G56: 14 | H56: MP | I56: Magical | J56: AOE | K56: 1 | L56: Curse | M56: 3 | N56: 0.1 | O56: MDEF
A57: 54 | B57: Repth | C57: {=INDEX(SkillBoxes!A56:D632,MATCH(E57,SkillBoxes!A56:A632,0),2)} -> 3 | D57: {=INDEX(SkillBoxes!A56:D632,MATCH(E57,SkillBoxes!A56:A632,0),3)} -> Harvest Cleric | E57: 54 | F57: {=INDEX(SkillBoxes!A56:D632,MATCH(E57,SkillBoxes!A56:A632,0),4)} -> Novice Harvest Cleric | G57: 4 | H57: MP | I57: Magical | J57: Ally | K57: 0 | L57: heal | M57: 1 | N57: 15 | O57: HP
A58: 55 | B58: Repth I | C58: {=INDEX(SkillBoxes!A57:D633,MATCH(E58,SkillBoxes!A57:A633,0),2)} -> 3 | D58: {=INDEX(SkillBoxes!A57:D633,MATCH(E58,SkillBoxes!A57:A633,0),3)} -> Harvest Cleric | E58: 55 | F58: {=INDEX(SkillBoxes!A57:D633,MATCH(E58,SkillBoxes!A57:A633,0),4)} -> Healing Magic I | G58: 6 | H58: MP | I58: Magical | J58: Ally | K58: 0 | L58: heal | M58: 1 | N58: 20 | O58: HP
A59: 56 | B59: Repth II | C59: {=INDEX(SkillBoxes!A58:D634,MATCH(E59,SkillBoxes!A58:A634,0),2)} -> 3 | D59: {=INDEX(SkillBoxes!A58:D634,MATCH(E59,SkillBoxes!A58:A634,0),3)} -> Harvest Cleric | E59: 56 | F59: {=INDEX(SkillBoxes!A58:D634,MATCH(E59,SkillBoxes!A58:A634,0),4)} -> Healing Magic II | G59: 8 | H59: MP | I59: Magical | J59: Ally | K59: 0 | L59: heal | M59: 1 | N59: 35 | O59: HP
A60: 57 | B60: Repth III | C60: {=INDEX(SkillBoxes!A59:D635,MATCH(E60,SkillBoxes!A59:A635,0),2)} -> 3 | D60: {=INDEX(SkillBoxes!A59:D635,MATCH(E60,SkillBoxes!A59:A635,0),3)} -> Harvest Cleric | E60: 57 | F60: {=INDEX(SkillBoxes!A59:D635,MATCH(E60,SkillBoxes!A59:A635,0),4)} -> Healing Magic III | G60: 10 | H60: MP | I60: Magical | J60: Ally | K60: 0 | L60: heal | M60: 1 | N60: 50 | O60: HP
A61: 58 | B61: Repth IV | C61: {=INDEX(SkillBoxes!A60:D636,MATCH(E61,SkillBoxes!A60:A636,0),2)} -> 3 | D61: {=INDEX(SkillBoxes!A60:D636,MATCH(E61,SkillBoxes!A60:A636,0),3)} -> Harvest Cleric | E61: 58 | F61: {=INDEX(SkillBoxes!A60:D636,MATCH(E61,SkillBoxes!A60:A636,0),4)} -> Healing Magic IV | G61: 14 | H61: MP | I61: Magical | J61: AOE | K61: 0 | L61: heal | M61: 1 | N61: 40 | O61: HP
A62: 59 | B62: Rue Crack I | C62: {=INDEX(SkillBoxes!A61:D637,MATCH(E62,SkillBoxes!A61:A637,0),2)} -> 3 | D62: {=INDEX(SkillBoxes!A61:D637,MATCH(E62,SkillBoxes!A61:A637,0),3)} -> Harvest Cleric | E62: 59 | F62: {=INDEX(SkillBoxes!A61:D637,MATCH(E62,SkillBoxes!A61:A637,0),4)} -> Light Magic I | G62: 6 | H62: MP | I62: Magical | J62: Single | K62: 1.1 | P62: Light
A63: 60 | B63: Rue Crack II | C63: {=INDEX(SkillBoxes!A62:D638,MATCH(E63,SkillBoxes!A62:A638,0),2)} -> 3 | D63: {=INDEX(SkillBoxes!A62:D638,MATCH(E63,SkillBoxes!A62:A638,0),3)} -> Harvest Cleric | E63: 60 | F63: {=INDEX(SkillBoxes!A62:D638,MATCH(E63,SkillBoxes!A62:A638,0),4)} -> Light Magic II | G63: 8 | H63: MP | I63: Magical | J63: Single | K63: 1.25 | P63: Light
A64: 61 | B64: Blessed Ray | C64: {=INDEX(SkillBoxes!A63:D639,MATCH(E64,SkillBoxes!A63:A639,0),2)} -> 3 | D64: {=INDEX(SkillBoxes!A63:D639,MATCH(E64,SkillBoxes!A63:A639,0),3)} -> Harvest Cleric | E64: 61 | F64: {=INDEX(SkillBoxes!A63:D639,MATCH(E64,SkillBoxes!A63:A639,0),4)} -> Light Magic III | G64: 10 | H64: MP | I64: Magical | J64: Single | K64: 1.3 | L64: Curse | M64: 2 | N64: 0.05 | O64: PDEF | P64: Light
A65: 62 | B65: Radiant Cleave | C65: {=INDEX(SkillBoxes!A64:D640,MATCH(E65,SkillBoxes!A64:A640,0),2)} -> 3 | D65: {=INDEX(SkillBoxes!A64:D640,MATCH(E65,SkillBoxes!A64:A640,0),3)} -> Harvest Cleric | E65: 62 | F65: {=INDEX(SkillBoxes!A64:D640,MATCH(E65,SkillBoxes!A64:A640,0),4)} -> Light Magic IV | G65: 14 | H65: MP | I65: Magical | J65: AOE | K65: 0.85 | L65: Curse | M65: 2 | N65: 0.05 | O65: PDEF | P65: Light
A66: 63 | B66: Dek Corma I | C66: {=INDEX(SkillBoxes!A65:D641,MATCH(E66,SkillBoxes!A65:A641,0),2)} -> 3 | D66: {=INDEX(SkillBoxes!A65:D641,MATCH(E66,SkillBoxes!A65:A641,0),3)} -> Harvest Cleric | E66: 63 | F66: {=INDEX(SkillBoxes!A65:D641,MATCH(E66,SkillBoxes!A65:A641,0),4)} -> Dark Magic I | G66: 6 | H66: MP | I66: Magical | J66: Single | K66: 1 | L66: Curse | M66: 2 | N66: 0.05 | O66: MDEF | P66: Dark
A67: 64 | B67: Dek Corma II | C67: {=INDEX(SkillBoxes!A66:D642,MATCH(E67,SkillBoxes!A66:A642,0),2)} -> 3 | D67: {=INDEX(SkillBoxes!A66:D642,MATCH(E67,SkillBoxes!A66:A642,0),3)} -> Harvest Cleric | E67: 64 | F67: {=INDEX(SkillBoxes!A66:D642,MATCH(E67,SkillBoxes!A66:A642,0),4)} -> Dark Magic II | G67: 8 | H67: MP | I67: Magical | J67: Single | K67: 1.1 | L67: Curse | M67: 3 | N67: 0.1 | O67: MDEF | P67: Dark
A68: 65 | B68: Life Drain | C68: {=INDEX(SkillBoxes!A67:D643,MATCH(E68,SkillBoxes!A67:A643,0),2)} -> 3 | D68: {=INDEX(SkillBoxes!A67:D643,MATCH(E68,SkillBoxes!A67:A643,0),3)} -> Harvest Cleric | E68: 65 | F68: {=INDEX(SkillBoxes!A67:D643,MATCH(E68,SkillBoxes!A67:A643,0),4)} -> Dark Magic III | G68: 10 | H68: MP | I68: Magical | J68: Single | K68: 1.2 | L68: Bleed | M68: 2 | N68: -2 | O68: HP | P68: Dark
A69: 66 | B69: Dark Harvest | C69: {=INDEX(SkillBoxes!A68:D644,MATCH(E69,SkillBoxes!A68:A644,0),2)} -> 3 | D69: {=INDEX(SkillBoxes!A68:D644,MATCH(E69,SkillBoxes!A68:A644,0),3)} -> Harvest Cleric | E69: 66 | F69: {=INDEX(SkillBoxes!A68:D644,MATCH(E69,SkillBoxes!A68:A644,0),4)} -> Dark Magic IV | G69: 14 | H69: MP | I69: Magical | J69: AOE | K69: 0.8 | L69: Bleed | M69: 3 | N69: -2 | O69: HP | P69: Dark
A70: 67 | B70: Breathing I | C70: {=INDEX(SkillBoxes!A69:D645,MATCH(E70,SkillBoxes!A69:A645,0),2)} -> 3 | D70: {=INDEX(SkillBoxes!A69:D645,MATCH(E70,SkillBoxes!A69:A645,0),3)} -> Harvest Cleric | E70: 67 | F70: {=INDEX(SkillBoxes!A69:D645,MATCH(E70,SkillBoxes!A69:A645,0),4)} -> Breathing I | G70: 4 | H70: none | I70: Magical | J70: Self | K70: 0 | L70: Buff | M70: 2 | N70: 0.1 | O70: SP
A71: 68 | B71: Breathing II | C71: {=INDEX(SkillBoxes!A70:D646,MATCH(E71,SkillBoxes!A70:A646,0),2)} -> 3 | D71: {=INDEX(SkillBoxes!A70:D646,MATCH(E71,SkillBoxes!A70:A646,0),3)} -> Harvest Cleric | E71: 68 | F71: {=INDEX(SkillBoxes!A70:D646,MATCH(E71,SkillBoxes!A70:A646,0),4)} -> Breathing II | G71: 6 | H71: none | I71: Magical | J71: Self | K71: 0 | L71: Buff | M71: 3 | N71: 0.15 | O71: SP
A72: 69 | B72: Breath of Life | C72: {=INDEX(SkillBoxes!A71:D647,MATCH(E72,SkillBoxes!A71:A647,0),2)} -> 3 | D72: {=INDEX(SkillBoxes!A71:D647,MATCH(E72,SkillBoxes!A71:A647,0),3)} -> Harvest Cleric | E72: 69 | F72: {=INDEX(SkillBoxes!A71:D647,MATCH(E72,SkillBoxes!A71:A647,0),4)} -> Breathing III | G72: 8 | H72: MP | I72: Magical | J72: Ally | K72: 0 | L72: Buff | M72: 2 | N72: 0.1 | O72: SP
A73: 70 | B73: Vital Breathe | C73: {=INDEX(SkillBoxes!A72:D648,MATCH(E73,SkillBoxes!A72:A648,0),2)} -> 3 | D73: {=INDEX(SkillBoxes!A72:D648,MATCH(E73,SkillBoxes!A72:A648,0),3)} -> Harvest Cleric | E73: 70 | F73: {=INDEX(SkillBoxes!A72:D648,MATCH(E73,SkillBoxes!A72:A648,0),4)} -> Breathing IV | G73: 10 | H73: MP | I73: Magical | J73: AOE | K73: 0 | L73: Buff | M73: 2 | N73: 0.1 | O73: SP
A74: 71 | B74: Grand Repth | C74: {=INDEX(SkillBoxes!A73:D649,MATCH(E74,SkillBoxes!A73:A649,0),2)} -> 3 | D74: {=INDEX(SkillBoxes!A73:D649,MATCH(E74,SkillBoxes!A73:A649,0),3)} -> Harvest Cleric | E74: 71 | F74: {=INDEX(SkillBoxes!A73:D649,MATCH(E74,SkillBoxes!A73:A649,0),4)} -> Master Harvest Cleric | G74: 18 | H74: MP | I74: Magical | J74: AOE | K74: 0 | L74: heal | M74: 1 | N74: 80 | O74: HP
A75: 72 | B75: Shield Charge | C75: {=INDEX(SkillBoxes!A74:D650,MATCH(E75,SkillBoxes!A74:A650,0),2)} -> 4 | D75: {=INDEX(SkillBoxes!A74:D650,MATCH(E75,SkillBoxes!A74:A650,0),3)} -> Guard Knight | E75: 72 | F75: {=INDEX(SkillBoxes!A74:D650,MATCH(E75,SkillBoxes!A74:A650,0),4)} -> Novice Guard Knight | G75: 6 | H75: SP | I75: Physical | J75: Single | K75: 1 | L75: Stun | M75: 1
A76: 73 | B76: Fortify I | C76: {=INDEX(SkillBoxes!A75:D651,MATCH(E76,SkillBoxes!A75:A651,0),2)} -> 4 | D76: {=INDEX(SkillBoxes!A75:D651,MATCH(E76,SkillBoxes!A75:A651,0),3)} -> Guard Knight | E76: 73 | F76: {=INDEX(SkillBoxes!A75:D651,MATCH(E76,SkillBoxes!A75:A651,0),4)} -> Defense Arts I | G76: 5 | H76: SP | I76: Physical | J76: Self | K76: 0 | L76: Buff | M76: 2 | N76: 0.1 | O76: PDEF
A77: 74 | B77: Fortify II | C77: {=INDEX(SkillBoxes!A76:D652,MATCH(E77,SkillBoxes!A76:A652,0),2)} -> 4 | D77: {=INDEX(SkillBoxes!A76:D652,MATCH(E77,SkillBoxes!A76:A652,0),3)} -> Guard Knight | E77: 74 | F77: {=INDEX(SkillBoxes!A76:D652,MATCH(E77,SkillBoxes!A76:A652,0),4)} -> Defense Arts II | G77: 7 | H77: SP | I77: Physical | J77: Self | K77: 0 | L77: Buff | M77: 3 | N77: 0.15 | O77: PDEF
A78: 75 | B78: Iron Curtain | C78: {=INDEX(SkillBoxes!A77:D653,MATCH(E78,SkillBoxes!A77:A653,0),2)} -> 4 | D78: {=INDEX(SkillBoxes!A77:D653,MATCH(E78,SkillBoxes!A77:A653,0),3)} -> Guard Knight | E78: 75 | F78: {=INDEX(SkillBoxes!A77:D653,MATCH(E78,SkillBoxes!A77:A653,0),4)} -> Defense Arts III | G78: 9 | H78: TP | I78: Physical | J78: Self | K78: 0 | L78: Buff | M78: 3 | N78: 0.2 | O78: PDEF
A79: 76 | B79: Unbreakable Wall | C79: {=INDEX(SkillBoxes!A78:D654,MATCH(E79,SkillBoxes!A78:A654,0),2)} -> 4 | D79: {=INDEX(SkillBoxes!A78:D654,MATCH(E79,SkillBoxes!A78:A654,0),3)} -> Guard Knight | E79: 76 | F79: {=INDEX(SkillBoxes!A78:D654,MATCH(E79,SkillBoxes!A78:A654,0),4)} -> Defense Arts IV | G79: 11 | H79: TP | I79: Physical | J79: Self | K79: 0 | L79: Buff | M79: 4 | N79: 0.25 | O79: PDEF
A80: 77 | B80: Battle Cry I | C80: {=INDEX(SkillBoxes!A79:D655,MATCH(E80,SkillBoxes!A79:A655,0),2)} -> 4 | D80: {=INDEX(SkillBoxes!A79:D655,MATCH(E80,SkillBoxes!A79:A655,0),3)} -> Guard Knight | E80: 77 | F80: {=INDEX(SkillBoxes!A79:D655,MATCH(E80,SkillBoxes!A79:A655,0),4)} -> Taunt I | G80: 5 | H80: SP | I80: Physical | J80: AOE | K80: 0 | L80: Stun | M80: 1
A81: 78 | B81: Battle Cry II | C81: {=INDEX(SkillBoxes!A80:D656,MATCH(E81,SkillBoxes!A80:A656,0),2)} -> 4 | D81: {=INDEX(SkillBoxes!A80:D656,MATCH(E81,SkillBoxes!A80:A656,0),3)} -> Guard Knight | E81: 78 | F81: {=INDEX(SkillBoxes!A80:D656,MATCH(E81,SkillBoxes!A80:A656,0),4)} -> Taunt II | G81: 7 | H81: SP | I81: Physical | J81: AOE | K81: 0 | L81: Stun | M81: 2
A82: 79 | B82: Devastating Roar | C82: {=INDEX(SkillBoxes!A81:D657,MATCH(E82,SkillBoxes!A81:A657,0),2)} -> 4 | D82: {=INDEX(SkillBoxes!A81:D657,MATCH(E82,SkillBoxes!A81:A657,0),3)} -> Guard Knight | E82: 79 | F82: {=INDEX(SkillBoxes!A81:D657,MATCH(E82,SkillBoxes!A81:A657,0),4)} -> Taunt III | G82: 9 | H82: TP | I82: Physical | J82: AOE | K82: 0.5 | L82: Curse | M82: 2 | N82: 0.05 | O82: MATK
A83: 80 | B83: Imperial Shout | C83: {=INDEX(SkillBoxes!A82:D658,MATCH(E83,SkillBoxes!A82:A658,0),2)} -> 4 | D83: {=INDEX(SkillBoxes!A82:D658,MATCH(E83,SkillBoxes!A82:A658,0),3)} -> Guard Knight | E83: 80 | F83: {=INDEX(SkillBoxes!A82:D658,MATCH(E83,SkillBoxes!A82:A658,0),4)} -> Taunt IV | G83: 11 | H83: TP | I83: Physical | J83: AOE | K83: 0.6 | L83: Curse | M83: 3 | N83: 0.1 | O83: MATK
A84: 81 | B84: Lunge Strike I | C84: {=INDEX(SkillBoxes!A83:D659,MATCH(E84,SkillBoxes!A83:A659,0),2)} -> 4 | D84: {=INDEX(SkillBoxes!A83:D659,MATCH(E84,SkillBoxes!A83:A659,0),3)} -> Guard Knight | E84: 81 | F84: {=INDEX(SkillBoxes!A83:D659,MATCH(E84,SkillBoxes!A83:A659,0),4)} -> Lunge I | G84: 6 | H84: SP | I84: Physical | J84: Single | K84: 1.2
A85: 82 | B85: Lunge Strike II | C85: {=INDEX(SkillBoxes!A84:D660,MATCH(E85,SkillBoxes!A84:A660,0),2)} -> 4 | D85: {=INDEX(SkillBoxes!A84:D660,MATCH(E85,SkillBoxes!A84:A660,0),3)} -> Guard Knight | E85: 82 | F85: {=INDEX(SkillBoxes!A84:D660,MATCH(E85,SkillBoxes!A84:A660,0),4)} -> Lunge II | G85: 8 | H85: SP | I85: Physical | J85: Single | K85: 1.4
A86: 83 | B86: Piercing Thrust | C86: {=INDEX(SkillBoxes!A85:D661,MATCH(E86,SkillBoxes!A85:A661,0),2)} -> 4 | D86: {=INDEX(SkillBoxes!A85:D661,MATCH(E86,SkillBoxes!A85:A661,0),3)} -> Guard Knight | E86: 83 | F86: {=INDEX(SkillBoxes!A85:D661,MATCH(E86,SkillBoxes!A85:A661,0),4)} -> Lunge III | G86: 10 | H86: SP | I86: Physical | J86: Single | K86: 1.5 | L86: Bleed | M86: 2 | N86: -2 | O86: HP
A87: 84 | B87: Sentinel Drive | C87: {=INDEX(SkillBoxes!A86:D662,MATCH(E87,SkillBoxes!A86:A662,0),2)} -> 4 | D87: {=INDEX(SkillBoxes!A86:D662,MATCH(E87,SkillBoxes!A86:A662,0),3)} -> Guard Knight | E87: 84 | F87: {=INDEX(SkillBoxes!A86:D662,MATCH(E87,SkillBoxes!A86:A662,0),4)} -> Lunge IV | G87: 12 | H87: TP | I87: Physical | J87: Single | K87: 1.6 | L87: Stun | M87: 2
A88: 85 | B88: Counter Stance I | C88: {=INDEX(SkillBoxes!A87:D663,MATCH(E88,SkillBoxes!A87:A663,0),2)} -> 4 | D88: {=INDEX(SkillBoxes!A87:D663,MATCH(E88,SkillBoxes!A87:A663,0),3)} -> Guard Knight | E88: 85 | F88: {=INDEX(SkillBoxes!A87:D663,MATCH(E88,SkillBoxes!A87:A663,0),4)} -> Defense Techniques I | G88: 5 | H88: SP | I88: Physical | J88: Self | K88: 0 | L88: Mirror | M88: 2
A89: 86 | B89: Counter Stance II | C89: {=INDEX(SkillBoxes!A88:D664,MATCH(E89,SkillBoxes!A88:A664,0),2)} -> 4 | D89: {=INDEX(SkillBoxes!A88:D664,MATCH(E89,SkillBoxes!A88:A664,0),3)} -> Guard Knight | E89: 86 | F89: {=INDEX(SkillBoxes!A88:D664,MATCH(E89,SkillBoxes!A88:A664,0),4)} -> Defense Techniques II | G89: 7 | H89: SP | I89: Physical | J89: Self | K89: 0 | L89: Mirror | M89: 3
A90: 87 | B90: Deflect Drive | C90: {=INDEX(SkillBoxes!A89:D665,MATCH(E90,SkillBoxes!A89:A665,0),2)} -> 4 | D90: {=INDEX(SkillBoxes!A89:D665,MATCH(E90,SkillBoxes!A89:A665,0),3)} -> Guard Knight | E90: 87 | F90: {=INDEX(SkillBoxes!A89:D665,MATCH(E90,SkillBoxes!A89:A665,0),4)} -> Defense Techniques III | G90: 9 | H90: TP | I90: Physical | J90: Single | K90: 1.1 | L90: Stun | M90: 1
A91: 88 | B91: Ironclad Counter | C91: {=INDEX(SkillBoxes!A90:D666,MATCH(E91,SkillBoxes!A90:A666,0),2)} -> 4 | D91: {=INDEX(SkillBoxes!A90:D666,MATCH(E91,SkillBoxes!A90:A666,0),3)} -> Guard Knight | E91: 88 | F91: {=INDEX(SkillBoxes!A90:D666,MATCH(E91,SkillBoxes!A90:A666,0),4)} -> Defense Techniques IV | G91: 11 | H91: TP | I91: Physical | J91: Single | K91: 1.3 | L91: Stun | M91: 2
A92: 89 | B92: Phalanx Breaker | C92: {=INDEX(SkillBoxes!A91:D667,MATCH(E92,SkillBoxes!A91:A667,0),2)} -> 4 | D92: {=INDEX(SkillBoxes!A91:D667,MATCH(E92,SkillBoxes!A91:A667,0),3)} -> Guard Knight | E92: 89 | F92: {=INDEX(SkillBoxes!A91:D667,MATCH(E92,SkillBoxes!A91:A667,0),4)} -> Master Guard Knight | G92: 16 | H92: TP | I92: Physical | J92: AOE | K92: 0.9 | L92: Curse | M92: 3 | N92: 0.15 | O92: PDEF
A93: 90 | B93: Axe Cleave | C93: {=INDEX(SkillBoxes!A92:D668,MATCH(E93,SkillBoxes!A92:A668,0),2)} -> 5 | D93: {=INDEX(SkillBoxes!A92:D668,MATCH(E93,SkillBoxes!A92:A668,0),3)} -> Branded Barbarian | E93: 90 | F93: {=INDEX(SkillBoxes!A92:D668,MATCH(E93,SkillBoxes!A92:A668,0),4)} -> Novice Branded Barbarian | G93: 6 | H93: SP | I93: Physical | J93: Single | K93: 1.1
A94: 91 | B94: Overhead Smash I | C94: {=INDEX(SkillBoxes!A93:D669,MATCH(E94,SkillBoxes!A93:A669,0),2)} -> 5 | D94: {=INDEX(SkillBoxes!A93:D669,MATCH(E94,SkillBoxes!A93:A669,0),3)} -> Branded Barbarian | E94: 91 | F94: {=INDEX(SkillBoxes!A93:D669,MATCH(E94,SkillBoxes!A93:A669,0),4)} -> 2H Mastery I | G94: 6 | H94: SP | I94: Physical | J94: Single | K94: 1.2
A95: 92 | B95: Overhead Smash II | C95: {=INDEX(SkillBoxes!A94:D670,MATCH(E95,SkillBoxes!A94:A670,0),2)} -> 5 | D95: {=INDEX(SkillBoxes!A94:D670,MATCH(E95,SkillBoxes!A94:A670,0),3)} -> Branded Barbarian | E95: 92 | F95: {=INDEX(SkillBoxes!A94:D670,MATCH(E95,SkillBoxes!A94:A670,0),4)} -> 2H Mastery II | G95: 8 | H95: SP | I95: Physical | J95: Single | K95: 1.35
A96: 93 | B96: Crushing Blow | C96: {=INDEX(SkillBoxes!A95:D671,MATCH(E96,SkillBoxes!A95:A671,0),2)} -> 5 | D96: {=INDEX(SkillBoxes!A95:D671,MATCH(E96,SkillBoxes!A95:A671,0),3)} -> Branded Barbarian | E96: 93 | F96: {=INDEX(SkillBoxes!A95:D671,MATCH(E96,SkillBoxes!A95:A671,0),4)} -> 2H Mastery III | G96: 10 | H96: SP | I96: Physical | J96: Single | K96: 1.5 | L96: Stun | M96: 1
A97: 94 | B97: Devastate | C97: {=INDEX(SkillBoxes!A96:D672,MATCH(E97,SkillBoxes!A96:A672,0),2)} -> 5 | D97: {=INDEX(SkillBoxes!A96:D672,MATCH(E97,SkillBoxes!A96:A672,0),3)} -> Branded Barbarian | E97: 94 | F97: {=INDEX(SkillBoxes!A96:D672,MATCH(E97,SkillBoxes!A96:A672,0),4)} -> 2H Mastery IV | G97: 12 | H97: SP | I97: Physical | J97: Single | K97: 1.7 | L97: Stun | M97: 2
A98: 95 | B98: Berserk Rush I | C98: {=INDEX(SkillBoxes!A97:D673,MATCH(E98,SkillBoxes!A97:A673,0),2)} -> 5 | D98: {=INDEX(SkillBoxes!A97:D673,MATCH(E98,SkillBoxes!A97:A673,0),3)} -> Branded Barbarian | E98: 95 | F98: {=INDEX(SkillBoxes!A97:D673,MATCH(E98,SkillBoxes!A97:A673,0),4)} -> Fury I | G98: 6 | H98: SP | I98: Physical | J98: Single | K98: 1.1 | L98: Buff | M98: 1 | N98: 0.1 | O98: PATK
A99: 96 | B99: Berserk Rush II | C99: {=INDEX(SkillBoxes!A98:D674,MATCH(E99,SkillBoxes!A98:A674,0),2)} -> 5 | D99: {=INDEX(SkillBoxes!A98:D674,MATCH(E99,SkillBoxes!A98:A674,0),3)} -> Branded Barbarian | E99: 96 | F99: {=INDEX(SkillBoxes!A98:D674,MATCH(E99,SkillBoxes!A98:A674,0),4)} -> Fury II | G99: 8 | H99: SP | I99: Physical | J99: Single | K99: 1.2 | L99: Buff | M99: 2 | N99: 0.1 | O99: PATK
A100: 97 | B100: War Rage | C100: {=INDEX(SkillBoxes!A99:D675,MATCH(E100,SkillBoxes!A99:A675,0),2)} -> 5 | D100: {=INDEX(SkillBoxes!A99:D675,MATCH(E100,SkillBoxes!A99:A675,0),3)} -> Branded Barbarian | E100: 97 | F100: {=INDEX(SkillBoxes!A99:D675,MATCH(E100,SkillBoxes!A99:A675,0),4)} -> Fury III | G100: 10 | H100: TP | I100: Physical | J100: Self | K100: 0 | L100: Buff | M100: 3 | N100: 0.2 | O100: PATK
...

Sheet Skills_Effects
A1: One row per effect. Description gives rough explanation for how each effect works. Notes adds extra explanation if necessary.
A2: id | B2: effect | C2: description | D2: notes
A3: 0 | B3: heal | C3: Target recovers HP.
A4: 1 | B4: barrier | C4: Target reflects incoming matching-damage-type for skill duration.
A5: 2 | B5: curse | C5: Target's stats decrease for curse duration.
A6: 3 | B6: bleed | C6: Target becomes wounded. Loses health per turn.
A7: 4 | B7: buff | C7: Target's stats increase for buff duration. | D7: Can target specific stat, depending on skill, including elemental statuses. (HP, SP, TP, MP, PATK, PDEF, PHIT, PEVA, MATK, MDEF, MHIT, MEVA, FIR, WTR, AIR, ERT ,LGT, DRK)
A8: 5 | B8: stun | C8: Target becomes slowed. Target's initiative decreases during effect. Can recover by being hastened.
A9: 6 | B9: burn | C9: Target becomes burned. Loses health per turn.
A10: 7 | B10: freeze | C10: Target becomes frozen. Cannot act. Can negate freeze by attacking with fire-type attacks.
A11: 8 | B11: paralyze | C11: Target becomes paralyzed. Cannot act.
A12: 9 | B12: sleep | C12: Target becomes asleep. Cannot act. Can be woken on hit.
A13: 10 | B13: poison | C13: Target becomes poisoned. Loses health per turn.
A14: 11 | B14: petrify | C14: Target becomes stone. Cannot act. Can become freed on hit.
A15: 12 | B15: silence | C15: Cannot use magic skills.
A16: 13 | B16: frail | C16: Cannot use physical skills.
A17: 14 | B17: haste | C17: Target becomes hastened. Target's initiative increases during effect. Can counter by being slowed.
A18: 15 | B18: root | C18: Target becomes imobilized. Target's initiative decreases severely.
A19: 16 | B19: charm | C19: Target is charmed. Target will attack allies for duration.
... A26: 23 | B26: relaxed | C26: Target has increased Stamina recovery for skill duration.

Sheet ClassPromotionRules
A1: Defines which class unlocks which. boxes_required and specific box conditions are TBD — yellow rows need your decision. prereq_class is already filled from your data. NOTE: which specific branch boxes trigger promotion has not yet been decided.
A2: id | B2: unlocks_class_id | C2: unlocks_class_name | D2: prereq_class_name | E2: sp_pool_required | F2: boxes_required | G2: total_boxes_in_prereq | H2: notes | I2: _TODO
A3: 0 | B3: 4 | C3: Guard Knight | D3: Blade Brandier | E3: 750 | F3: [0,1,2,3,4] | G3: 5
A4: 1 | B4: 5 | C4: Branded Barbarian | D4: Blade Brandier | E4: 750 | F4: [0,1,2,3,4,5,6,7,8,9,10,11,12,13,14,15,16,17] | G4: 18
A5: 2 | B5: 6 | C5: Curse Knight | D5: Blade Brandier | E5: 750 | F5: [0,9,10,11,12] | G5: 5
A6: 3 | B6: 7 | C6: Acro Archer | D6: Twin Blade | E6: 750 | F6: [18,19,20,21,22] | G6: 5
A7: 4 | B7: 8 | C7: Pistol Ranger | D7: Twin Blade | E7: 750 | F7: [18,23,24,25,26] | G7: 5
A8: 5 | B8: 9 | C8: Umbral Assassin | D8: Twin Blade | E8: 750 | F8: [18,27,28,29,30] | G8: 5
A9: 6 | B9: 10 | C9: Arcane Wavemaster | D9: Wave User | E9: 750 | F9: [36,37,38,39,40,49,50,51,52] | G9: 9
A10: 7 | B10: 11 | C10: Tome Summoner | D10: Wave User | E10: 750 | F10: [36,41,42,43,44,45,46,47,48] | G10: 9
A11: 8 | B11: 12 | C11: Aura Priest | D11: Harvest Cleric | E11: 750 | F11: [54,55,56,57,58,59,60,61,62] | G11: 9
A12: 9 | B12: 13 | C12: Martial Monk | D12: Harvest Cleric | E12: 750 | F12: [54,63,64,65,66,67,68,69,70] | G12: 9
A13: 10 | B13: 14 | C13: Runic Paladin | D13: Guard Knight | E13: 1000 | F13: [72,73,74,75,76,77,78,79,80] | G13: 9
A14: 11 | B14: 15 | C14: Long Arm | D14: Guard Knight | E14: 1000 | F14: [72,81,82,83,84,85,86,87,88] | G14: 9
... A30: 27 | B30: 31 | C30: Macbre Dancer | D30: Martial Monk | E30: 1000 | F30: [234,239,240,241,242,243,244,245,246] | G30: 9

Sheet Stats
A1: Reference table for all stat abbreviations used in SkillBoxes.
A2: id | B2: abbreviation | C2: full_name | D2: description | E2: notes
A3: 0 | B3: HP | C3: Health Points | D3: Character health. Reaches 0 = death.
A4: 1 | B4: SP | C4: Skill Points | D4: Resource for physical skills.
A5: 2 | B5: TP | C5: Technique Points | D5: Resource for technique-based skills.
A6: 3 | B6: MP | C6: Magic Points | D6: Resource for magic/wave skills.
A7: 4 | B7: PATK | C7: Physical Attack | D7: Base physical damage.
A8: 5 | B8: PDEF | C8: Physical Defence | D8: Reduces incoming physical damage.
A9: 6 | B9: PHIT | C9: Physical Hit | D9: Accuracy for physical attacks.
A10: 7 | B10: PEVA | C10: Physical Evasion | D10: Chance to dodge physical attacks.
A11: 8 | B11: MATK | C11: Magic Attack | D11: Base magic damage.
A12: 9 | B12: MDEF | C12: Magic Defence | D12: Reduces incoming magic damage.
A13: 10 | B13: MHIT | C13: Magic Hit | D13: Accuracy for magic attacks.
A14: 11 | B14: MEVA | C14: Magic Evasion | D14: Chance to dodge magic attacks.
... A21: 18 | B21: STAM | C21: Stamina | D21: Stamina is used to conduct professions such as crafting, farming, fishing, etc. Can be recovered over time or by consuming stamina-healing items.

Sheet Elements
A1: Elemental counter relationships.
A2: id | B2: element | C2: counter_element | D2: notes
A3: 0 | B3: Fire | C3: Earth
A4: 1 | B4: Water | C4: Air
A5: 2 | B5: Air | C5: Fire
A6: 3 | B6: Earth | C6: Water
A7: 4 | B7: Light | C7: Dark
A8: 5 | B8: Dark | C8: Light

Sheet Weapon_Types
A1: One row per weapon type. range: Short | Medium | Long. weight_class: Light | Medium | Heavy. Weapons can be equipped by all classes. Players require a License to use a weapon at 100% effectiveness. if they do not have a license, the weapon works at 70% scale.
A2: id | B2: type | C2: exp_pool_a | D2: exp_pool_b | E2: range | F2: weight_class | G2: rarity | H2: required_certificate | I2: notes
A3: 0 | B3: Blade | C3: Slashing Weapons | D3: Piercing Weapons | E3: short | F3: Heavy | G3: common | H3: =IFERROR(__xludf.DUMMYFUNCTION("JOIN(""_"",split(B3,"" "",true),""License"")"),"Blade_License") -> Blade_License
A4: 1 | B4: Long Blade | C4: Slashing Weapons | D4: Piercing Weapons | E4: short | F4: Heavy | G4: common | H4: =IFERROR(__xludf.DUMMYFUNCTION("JOIN(""_"",split(B4,"" "",true),""License"")"),"Long_Blade_License") -> Long_Blade_License
A5: 2 | B5: Shield | C5: Bludgeoning Weapons | D5: Support Weapons | E5: short | F5: Heavy | G5: common | H5: =IFERROR(__xludf.DUMMYFUNCTION("JOIN(""_"",split(B5,"" "",true),""License"")"),"Shield_License") -> Shield_License
A6: 3 | B6: Spear | C6: Piercing Weapons | D6: Slashing Weapons | E6: medium | F6: Heavy | G6: common | H6: =IFERROR(__xludf.DUMMYFUNCTION("JOIN(""_"",split(B6,"" "",true),""License"")"),"Spear_License") -> Spear_License
A7: 4 | B7: Heavy Axe | C7: Slashing Weapons | D7: Bludgeoning Weapons | E7: medium | F7: Heavy | G7: common | H7: =IFERROR(__xludf.DUMMYFUNCTION("JOIN(""_"",split(B7,"" "",true),""License"")"),"Heavy_Axe_License") -> Heavy_Axe_License
A8: 5 | B8: Heavy Blade | C8: Slashing Weapons | D8: Bludgeoning Weapons | E8: short | F8: Heavy | G8: common | H8: =IFERROR(__xludf.DUMMYFUNCTION("JOIN(""_"",split(B8,"" "",true),""License"")"),"Heavy_Blade_License") -> Heavy_Blade_License
A9: 6 | B9: Cursed Blade | C9: Piercing Weapons | D9: Relic Weapons | E9: short | F9: Heavy | G9: common | H9: =IFERROR(__xludf.DUMMYFUNCTION("JOIN(""_"",split(B9,"" "",true),""License"")"),"Cursed_Blade_License") -> Cursed_Blade_License
A10: 7 | B10: Spell Blade | C10: Arcane Weapons | D10: Relic Weapons | E10: medium | F10: Heavy | G10: common | H10: =IFERROR(__xludf.DUMMYFUNCTION("JOIN(""_"",split(B10,"" "",true),""License"")"),"Spell_Blade_License") -> Spell_Blade_License
A11: 8 | B11: Jian Blade | C11: Cursing Weapons | D11: Relic Weapons | E11: long | F11: Heavy | G11: common | H11: =IFERROR(__xludf.DUMMYFUNCTION("JOIN(""_"",split(B11,"" "",true),""License"")"),"Jian_Blade_License") -> Jian_Blade_License
A12: 9 | B12: Twin Blades | C12: Slashing Weapons | D12: Cursing Weapons | E12: short | F12: Medium | G12: common | H12: =IFERROR(__xludf.DUMMYFUNCTION("JOIN(""_"",split(B12,"" "",true),""License"")"),"Twin_Blades_License") -> Twin_Blades_License
A13: 10 | B13: Bow | C13: Piercing Weapons | D13: Support Weapons | E13: long | F13: Medium | G13: common | H13: =IFERROR(__xludf.DUMMYFUNCTION("JOIN(""_"",split(B13,"" "",true),""License"")"),"Bow_License") -> Bow_License
A14: 11 | B14: Heavy Bow | C14: Piercing Weapons | D14: Bludgeoning Weapons | E14: long | F14: Medium | G14: common | H14: =IFERROR(__xludf.DUMMYFUNCTION("JOIN(""_"",split(B14,"" "",true),""License"")"),"Heavy_Bow_License") -> Heavy_Bow_License
A15: 12 | B15: Rifle | C15: Piercing Weapons | D15: Support Weapons | E15: long | F15: Medium | G15: common | H15: =IFERROR(__xludf.DUMMYFUNCTION("JOIN(""_"",split(B15,"" "",true),""License"")"),"Rifle_License") -> Rifle_License
A16: 13 | B16: Dual Guns | C16: Piercing Weapons | D16: Cursing Weapons | E16: short | F16: Medium | G16: common | H16: =IFERROR(__xludf.DUMMYFUNCTION("JOIN(""_"",split(B16,"" "",true),""License"")"),"Dual_Guns_License") -> Dual_Guns_License
A17: 14 | B17: Bayonet | C17: Piercing Weapons | D17: Slashing Weapons | E17: medium | F17: Medium | G17: common | H17: =IFERROR(__xludf.DUMMYFUNCTION("JOIN(""_"",split(B17,"" "",true),""License"")"),"Bayonet_License") -> Bayonet_License
A18: 15 | B18: Claws | C18: Slashing Weapons | D18: Relic Weapons | E18: short | F18: Medium | G18: common | H18: =IFERROR(__xludf.DUMMYFUNCTION("JOIN(""_"",split(B18,"" "",true),""License"")"),"Claws_License") -> Claws_License
A19: 16 | B19: Gauntlets | C19: Bludgeoning Weapons | D19: Relic Weapons | E19: short | F19: Medium | G19: common | H19: =IFERROR(__xludf.DUMMYFUNCTION("JOIN(""_"",split(B19,"" "",true),""License"")"),"Gauntlets_License") -> Gauntlets_License
A20: 17 | B20: Scythe | C20: Cursing Weapons | D20: Slashing Weapons | E20: medium | F20: Medium | G20: common | H20: =IFERROR(__xludf.DUMMYFUNCTION("JOIN(""_"",split(B20,"" "",true),""License"")"),"Scythe_License") -> Scythe_License
A21: 18 | B21: Focus | C21: Arcane Weapons | D21: Support Weapons | E21: medium | F21: Light | G21: common | H21: =IFERROR(__xludf.DUMMYFUNCTION("JOIN(""_"",split(B21,"" "",true),""License"")"),"Focus_License") -> Focus_License
A22: 19 | B22: Staff | C22: Support Weapons | D22: Arcane Weapons | E22: medium | F22: Light | G22: common | H22: =IFERROR(__xludf.DUMMYFUNCTION("JOIN(""_"",split(B22,"" "",true),""License"")"),"Staff_License") -> Staff_License
A23: 20 | B23: Heavy Staff | C23: Bludgeoning Weapons | D23: Support Weapons | E23: medium | F23: Light | G23: common | H23: =IFERROR(__xludf.DUMMYFUNCTION("JOIN(""_"",split(B23,"" "",true),""License"")"),"Heavy_Staff_License") -> Heavy_Staff_License
A24: 21 | B24: Crystal Staff | C24: Support Weapons | D24: Arcane Weapons | E24: long | F24: Light | G24: common | H24: =IFERROR(__xludf.DUMMYFUNCTION("JOIN(""_"",split(B24,"" "",true),""License"")"),"Crystal_Staff_License") -> Crystal_Staff_License
A25: 22 | B25: Runes | C25: Arcane Weapons | D25: Relic Weapons | E25: medium | F25: Light | G25: common | H25: =IFERROR(__xludf.DUMMYFUNCTION("JOIN(""_"",split(B25,"" "",true),""License"")"),"Runes_License") -> Runes_License
A26: 23 | B26: War Fans | C26: Bludgeoning Weapons | D26: Relic Weapons | E26: long | F26: Light | G26: common | H26: =IFERROR(__xludf.DUMMYFUNCTION("JOIN(""_"",split(B26,"" "",true),""License"")"),"War_Fans_License") -> War_Fans_License
A27: 24 | B27: Necronomicon | C27: Cursing Weapons | D27: Arcane Weapons | E27: long | F27: Light | G27: common | H27: =IFERROR(__xludf.DUMMYFUNCTION("JOIN(""_"",split(B27,"" "",true),""License"")"),"Necronomicon_License") -> Necronomicon_License
A28: 25 | B28: Wand | C28: Arcane Weapons | D28: Relic Weapons | E28: medium | F28: Light | G28: common | H28: =IFERROR(__xludf.DUMMYFUNCTION("JOIN(""_"",split(B28,"" "",true),""License"")"),"Wand_License") -> Wand_License
A29: 26 | B29: Tome | C29: Arcane Weapons | D29: Cursing Weapons | E29: medium | F29: Light | G29: common | H29: =IFERROR(__xludf.DUMMYFUNCTION("JOIN(""_"",split(B29,"" "",true),""License"")"),"Tome_License") -> Tome_License
A30: 27 | B30: Grimoire | C30: Arcane Weapons | D30: Cursing Weapons | E30: long | F30: Light | G30: common | H30: =IFERROR(__xludf.DUMMYFUNCTION("JOIN(""_"",split(B30,"" "",true),""License"")"),"Grimoire_License") -> Grimoire_License
A31: 28 | B31: Holy Relic | C31: Relic Weapons | D31: Support Weapons | E31: long | F31: Light | G31: common | H31: =IFERROR(__xludf.DUMMYFUNCTION("JOIN(""_"",split(B31,"" "",true),""License"")"),"Holy_Relic_License") -> Holy_Relic_License
A32: 29 | B32: Bo Staff | C32: Bludgeoning Weapons | D32: Cursing Weapons | E32: medium | F32: Light | G32: common | H32: =IFERROR(__xludf.DUMMYFUNCTION("JOIN(""_"",split(B32,"" "",true),""License"")"),"Bo_Staff_License") -> Bo_Staff_License
A33: 30 | B33: Whip | C33: Bludgeoning Weapons | D33: Support Weapons | E33: long | F33: Light | G33: common | H33: =IFERROR(__xludf.DUMMYFUNCTION("JOIN(""_"",split(B33,"" "",true),""License"")"),"Whip_License") -> Whip_License
A34: 31 | B34: Bladed Fans | C34: Slashing Weapons | D34: Cursing Weapons | E34: short | F34: Light | G34: common | H34: =IFERROR(__xludf.DUMMYFUNCTION("JOIN(""_"",split(B34,"" "",true),""License"")"),"Bladed_Fans_License") -> Bladed_Fans_License

Sheet Weapons
A1: One row per weapon. Weapons can be equipped by all classes. Players require a License to use a weapon at 100% effectiveness. if they do not have a license, the weapon works at 70% scale.
A2: id | B2: name | C2: type | D2: rarity | E2: HP | F2: SP | G2: TP | H2: MP | I2: PATK | J2: PDEF | K2: PHIT | L2: PEVA | M2: MATK | N2: MDEF | O2: MHIT | P2: MEVA | Q2: FIR | R2: WTR | S2: AIR | T2: ERT | U2: LGT | V2: DRK | W2: notes | X2: _JSON_KEY
A3: 0 | B3: Rusty Blade | C3: Blade | D3: common | F3: 14 | G3: 7 | I3: 4 | J3: 1 | K3: 3 | L3: 1 | X3: weapons
A4: 1 | B4: Rusty Long Blade | C4: Long Blade | D4: common | F4: 4 | G4: 4 | I4: 1 | J4: 1 | K4: 3 | L4: 1 | O4: 1 | X4: weapons
A5: 2 | B5: Rusty Shield | C5: Shield | D5: common | F5: 4 | G5: 6 | I5: 3 | J5: 1 | K5: 3 | L5: 1 | O5: 1 | P5: 1 | S5: 1 | X5: weapons
A6: 3 | B6: Rusty Spear | C6: Spear | D6: common | E6: 7 | F6: 6 | G6: 7 | I6: 3 | J6: 3 | K6: 4 | L6: 3 | N6: 1 | O6: 1 | P6: 1 | S6: 1 | U6: 1 | X6: weapons
A7: 4 | B7: Rusty Heavy Axe | C7: Heavy Axe | D7: common | E7: 7 | F7: 7 | G7: 9 | I7: 4 | J7: 3 | K7: 6 | L7: 3 | N7: 1 | O7: 3 | P7: 3 | S7: 1 | U7: 1 | X7: weapons
A8: 5 | B8: Rusty Heavy Blade | C8: Heavy Blade | D8: common | F8: 6 | G8: 6 | I8: 3 | J8: 1 | K8: 1 | L8: 1 | N8: 1 | X8: weapons
A9: 6 | B9: Rusty Cursed Blade | C9: Cursed Blade | D9: common | F9: 7 | G9: 7 | I9: 4 | J9: 1 | K9: 1 | L9: 1 | N9: 1 | P9: 1 | X9: weapons
A10: 7 | B10: Rusty Spell Blade | C10: Spell Blade | D10: common | E10: 7 | F10: 9 | G10: 9 | I10: 4 | J10: 3 | K10: 2 | L10: 2 | N10: 1 | P10: 1 | X10: weapons
A11: 8 | B11: Rusty Jian Blade | C11: Jian Blade | D11: common | E11: 7 | F11: 10 | G11: 10 | I11: 6 | J11: 3 | K11: 2 | L11: 2 | N11: 1 | P11: 1 | X11: weapons
A12: 9 | B12: Rusty Twin Blades | C12: Twin Blades | D12: common | F12: 6 | G12: 4 | I12: 4 | J12: 2 | K12: 2 | L12: 2 | N12: 1 | O12: 1 | X12: weapons
A13: 10 | B13: Rusty Bow | C13: Bow | D13: common | F13: 7 | G13: 5 | I13: 4 | J13: 2 | K13: 2 | L13: 2 | N13: 1 | O13: 1 | X13: weapons
A14: 11 | B14: Rusty Heavy Bow | C14: Heavy Bow | D14: common | E14: 7 | F14: 9 | G14: 6 | I14: 6 | J14: 2 | K14: 3 | L14: 2 | N14: 1 | O14: 1 | X14: weapons
A15: 12 | B15: Rusty Rifle | C15: Rifle | D15: common | E15: 7 | F15: 10 | G15: 7 | I15: 6 | J15: 2 | K15: 3 | L15: 2 | N15: 1 | O15: 1 | X15: weapons
A16: 13 | B16: Rusty Dual Guns | C16: Dual Guns | D16: common | E16: 7 | F16: 6 | G16: 5 | I16: 4 | J16: 2 | K16: 3 | L16: 3 | S16: 1 | X16: weapons
A17: 14 | B17: Rusty Bayonet | C17: Bayonet | D17: common | E17: 7 | F17: 6 | G17: 6 | I17: 4 | J17: 2 | K17: 3 | L17: 3 | S17: 1 | X17: weapons
A18: 15 | B18: Rusty Claws | C18: Claws | D18: common | E18: 11 | F18: 7 | G18: 7 | I18: 6 | J18: 2 | K18: 4 | L18: 3 | O18: 1 | S18: 1 | U18: 1 | X18: weapons
A19: 16 | B19: Rusty Gauntlets | C19: Gauntlets | D19: common | E19: 11 | F19: 7 | G19: 8 | I19: 6 | J19: 2 | K19: 4 | L19: 3 | O19: 1 | S19: 1 | U19: 1 | X19: weapons
A20: 17 | B20: Rusty Scythe | C20: Scythe | D20: common | E20: 22 | F20: 11 | G20: 10 | I20: 6 | J20: 4 | K20: 5 | L20: 4 | N20: 1 | O20: 1 | P20: 1 | S20: 1 | U20: 2 | X20: weapons
A21: 18 | B21: Rusty Focus | C21: Focus | D21: common | E21: 12 | F21: 9 | G21: 9 | H21: 2 | I21: 3 | J21: 1 | K21: 3 | L21: 2 | M21: 1 | N21: 1 | O21: 1 | P21: 1 | R21: 1 | S21: 1 | V21: 1 | X21: weapons
A22: 19 | B22: Rusty Staff | C22: Staff | D22: common | E22: 6 | F22: 3 | G22: 5 | I22: 2 | K22: 3 | L22: 1 | O22: 1 | P22: 1 | R22: 1 | S22: 1 | X22: weapons
A23: 20 | B23: Rusty Heavy Staff | C23: Heavy Staff | D23: common | E23: 6 | F23: 3 | G23: 5 | I23: 2 | K23: 3 | L23: 1 | O23: 1 | P23: 1 | R23: 1 | S23: 1 | X23: weapons
A24: 21 | B24: Rusty Crystal Staff | C24: Crystal Staff | D24: common | E24: 12 | F24: 5 | G24: 6 | I24: 3 | K24: 3 | L24: 1 | O24: 2 | P24: 1 | R24: 1 | S24: 1 | V24: 1 | X24: weapons
A25: 22 | B25: Rusty Runes | C25: Runes | D25: common | E25: 12 | F25: 5 | G25: 6 | I25: 3 | K25: 5 | L25: 1 | O25: 2 | P25: 1 | R25: 1 | S25: 1 | V25: 1 | X25: weapons
A26: 23 | B26: Rusty War Fans | C26: War Fans | D26: common | E26: 12 | F26: 5 | G26: 3 | I26: 3 | J26: 1 | K26: 2 | L26: 2 | N26: 1 | O26: 1 | P26: 1 | S26: 1 | V26: 1 | X26: weapons
A27: 24 | B27: Rusty Necronomicon | C27: Necronomicon | D27: common | E27: 12 | F27: 5 | G27: 3 | I27: 3 | J27: 1 | K27: 2 | L27: 2 | N27: 1 | O27: 1 | P27: 1 | S27: 1 | V27: 1 | X27: weapons
A28: 25 | B28: Rusty Wand | C28: Wand | D28: common | E28: 18 | F28: 6 | G28: 4 | I28: 4 | J28: 1 | K28: 2 | L28: 3 | N28: 1 | O28: 1 | P28: 1 | S28: 1 | V28: 1 | X28: weapons
A29: 26 | B29: Rusty Tome | C29: Tome | D29: common | E29: 18 | F29: 6 | G29: 4 | I29: 4 | J29: 1 | K29: 4 | L29: 3 | N29: 1 | O29: 1 | P29: 1 | S29: 1 | V29: 1 | X29: weapons
A30: 27 | B30: Rusty Grimoire | C30: Grimoire | D30: common | E30: 6 | F30: 4 | G30: 4 | I30: 2 | K30: 2 | L30: 3 | N30: 1 | O30: 1 | P30: 1 | R30: 1 | S30: 1 | V30: 1 | X30: weapons
A31: 28 | B31: Rusty Holy Relic | C31: Holy Relic | D31: common | E31: 6 | F31: 4 | G31: 4 | I31: 2 | K31: 2 | L31: 3 | N31: 1 | O31: 1 | P31: 1 | R31: 1 | S31: 1 | V31: 1 | X31: weapons
A32: 29 | B32: Rusty Bo Staff | C32: Bo Staff | D32: common | E32: 12 | F32: 5 | G32: 5 | I32: 3 | K32: 2 | L32: 4 | N32: 1 | O32: 1 | P32: 1 | R32: 1 | S32: 1 | V32: 1 | X32: weapons
A33: 30 | B33: Rusty Whip | C33: Whip | D33: common | E33: 12 | F33: 5 | G33: 5 | I33: 3 | K33: 4 | L33: 4 | N33: 1 | O33: 1 | P33: 1 | R33: 1 | S33: 1 | V33: 1 | X33: weapons
A34: 31 | B34: Rusty Bladed Fans | C34: Bladed Fans | D34: common | E34: 6 | F34: 3 | G34: 4 | H34: 1 | I34: 2 | J34: 1 | K34: 2 | L34: 2 | N34: 1 | O34: 1 | P34: 1 | R34: 1 | S34: 1 | V34: 1 | X34: weapons

Sheet Rarity_Index
A1: One row per rarity. Rarities add prefixes to various items, identified by headers.
A2: id | B2: name
A3: 0 | B3: Worthless
A4: 1 | B4: Common
A5: 2 | B5: Uncommon
A6: 3 | B6: Quality
A7: 4 | B7: Rare
A8: 5 | B8: Epic
A9: 6 | B9: Unique
A10: 7 | B10: Arcane
A11: 8 | B11: Legendary
A12: 9 | B12: Mythical
A13: 10 | B13: Demonic
A14: 11 | B14: Blessed
... A16: 13 | B16: Cosmic

Sheet Consumables
A1: One row per consumable.
A2: id | B2: name | C2: Effect | D2: Target
A3: 0 | B3: Recovery Drop | C3: Recovers 150 HP | D3: Self / Ally
A4: 1 | B4: Restorative Sap | C4: Recovers 15 SP/TP/MP | D4: Self / Ally
A5: 2 | B5: Goddess Drop | C5: Revive target to 25% HP/SP/TP/MP. | D5: Self / Ally
A6: 3
A7: 4
A8: 5
A9: 6
A10: 7
A11: 8
A12: 9
A13: 10
A14: 11
A15: 12
A16: 13

Sheet Gear_Types
A1: One row per gear type. Gear has three different weights: light, medium, heavy. Gear can slot into specific player Gear Slots, as designated by gear_slot. Most equipment is player-made, defined in the crafting rules. The
A2: id | B2: Type | C2: Gear_Slot | D2: Rarity | I2: notes
A3: 0 | B3: Cap | C3: Head | D3: Common
A4: 1 | B4: Cuirras | C4: Chest | D4: Common
A5: 2 | B5: Boots | C5: Boots | D5: Common
A6: 3 | B6: Ring | C6: Accessory 1 | D6: Common
A7: 4 | B7: Amulet | C7: Accessory 2 | D7: Common
A8: 5
A9: 6
A10: 7
A11: 8
A12: 9
A13: 10

Sheet GearSets
A1: One row per gear set. weight_class: Light | Medium | Heavy. Bonus/Curse columns: which stat is affected. bonus_stat_mod and curse_stat_mod: value per piece equipped.
A2: id | B2: name | C2: weight_class | D2: bonus_stat | E2: bonus_stat_mod | F2: curse_stat | G2: curse_stat_mod | H2: min_test_level | I2: notes | J2: _JSON_KEY
A3: 0 | B3: Berserker | C3: Heavy | D3: PATK | F3: PDEF | J3: gear_sets
A4: 1 | B4: Phantom | C4: Medium | D4: PEVA | F4: MEVA | J4: gear_sets
A5: 2 | B5: Sentinel | C5: Heavy | D5: PHIT | F5: MHIT | J5: gear_sets
A6: 3 | B6: Warden | C6: Heavy | D6: PDEF | F6: PATK | J6: gear_sets
A7: 4 | B7: Glacier | C7: Light | D7: WTR | F7: FIR | J7: gear_sets
A8: 5 | B8: Storm | C8: Light | D8: MATK | F8: PATK | J8: gear_sets
A9: 6 | B9: Viper | C9: Medium | D9: PATK | F9: MATK | J9: gear_sets
A10: 7 | B10: Trickster | C10: Medium | D10: MEVA | F10: MHIT | J10: gear_sets

Sheet GearSet_Bonuses
A1: Calculated set bonuses per piece count. set_id links to GearSets. pieces_equipped: 2–6. bonus and curse values are total (pieces × per-piece rate).
A2: id | B2: set_id | C2: set_name | D2: pieces_equipped | E2: bonus_total | F2: curse_total | G2: notes
A3: 0 | B3: 0 | C3: Berserker | D3: 2 | E3: =5*2 -> 10 | F3: =-3*2 -> -6
A4: 1 | B4: 0 | C4: Berserker | D4: 3 | E4: =5*3 -> 15 | F4: =-3*3 -> -9
A5: 2 | B5: 0 | C5: Berserker | D5: 4 | E5: =5*4 -> 20 | F5: =-3*4 -> -12
A6: 3 | B6: 0 | C6: Berserker | D6: 5 | E6: =5*5 -> 25 | F6: =-3*5 -> -15
A7: 4 | B7: 0 | C7: Berserker | D7: 6 | E7: =5*6 -> 30 | F7: =-3*6 -> -18
A8: 5 | B8: 1 | C8: Phantom | D8: 2 | E8: =1.05*2 -> 2.1 | F8: =-1.5*2 -> -3
A9: 6 | B9: 1 | C9: Phantom | D9: 3 | E9: =1.05*3 -> 3.15 | F9: =-1.5*3 -> -4.5
A10: 7 | B10: 1 | C10: Phantom | D10: 4 | E10: =1.05*4 -> 4.2 | F10: =-1.5*4 -> -6
A11: 8 | B11: 1 | C11: Phantom | D11: 5 | E11: =1.05*5 -> 5.25 | F11: =-1.5*5 -> -7.5
A12: 9 | B12: 1 | C12: Phantom | D12: 6 | E12: =1.05*6 -> 6.3 | F12: =-1.5*6 -> -9
A13: 10 | B13: 2 | C13: Sentinel | D13: 2 | E13: =5*2 -> 10 | F13: =-3*2 -> -6
A14: 11 | B14: 2 | C14: Sentinel | D14: 3 | E14: =5*3 -> 15 | F14: =-3*3 -> -9
A15: 12 | B15: 2 | C15: Sentinel | D15: 4 | E15: =5*4 -> 20 | F15: =-3*4 -> -12
A16: 13 | B16: 2 | C16: Sentinel | D16: 5 | E16: =5*5 -> 25 | F16: =-3*5 -> -15
A17: 14 | B17: 2 | C17: Sentinel | D17: 6 | E17: =5*6 -> 30 | F17: =-3*6 -> -18
A18: 15 | B18: 3 | C18: Warden | D18: 2 | E18: =1.05*2 -> 2.1 | F18: =-1.5*2 -> -3
A19: 16 | B19: 3 | C19: Warden | D19: 3 | E19: =1.05*3 -> 3.15 | F19: =-1.5*3 -> -4.5
A20: 17 | B20: 3 | C20: Warden | D20: 4 | E20: =1.05*4 -> 4.2 | F20: =-1.5*4 -> -6
A21: 18 | B21: 3 | C21: Warden | D21: 5 | E21: =1.05*5 -> 5.25 | F21: =-1.5*5 -> -7.5
A22: 19 | B22: 3 | C22: Warden | D22: 6 | E22: =1.05*6 -> 6.3 | F22: =-1.5*6 -> -9
A23: 20 | B23: 4 | C23: Glacier | D23: 2 | E23: =5*2 -> 10 | F23: =-3*2 -> -6
A24: 21 | B24: 4 | C24: Glacier | D24: 3 | E24: =5*3 -> 15 | F24: =-3*3 -> -9
A25: 22 | B25: 4 | C25: Glacier | D25: 4 | E25: =5*4 -> 20 | F25: =-3*4 -> -12
A26: 23 | B26: 4 | C26: Glacier | D26: 5 | E26: =5*5 -> 25 | F26: =-3*5 -> -15
A27: 24 | B27: 4 | C27: Glacier | D27: 6 | E27: =5*6 -> 30 | F27: =-3*6 -> -18
A28: 25 | B28: 5 | C28: Storm | D28: 2 | E28: =1.05*2 -> 2.1 | F28: =-1.5*2 -> -3
A29: 26 | B29: 5 | C29: Storm | D29: 3 | E29: =1.05*3 -> 3.15 | F29: =-1.5*3 -> -4.5
A30: 27 | B30: 5 | C30: Storm | D30: 4 | E30: =1.05*4 -> 4.2 | F30: =-1.5*4 -> -6
A31: 28 | B31: 5 | C31: Storm | D31: 5 | E31: =1.05*5 -> 5.25 | F31: =-1.5*5 -> -7.5
A32: 29 | B32: 5 | C32: Storm | D32: 6 | E32: =1.05*6 -> 6.3 | F32: =-1.5*6 -> -9
A33: 30 | B33: 6 | C33: Viper | D33: 2 | E33: =5*2 -> 10 | F33: =-3*2 -> -6
A34: 31 | B34: 6 | C34: Viper | D34: 3 | E34: =5*3 -> 15 | F34: =-3*3 -> -9
A35: 32 | B35: 6 | C35: Viper | D35: 4 | E35: =5*4 -> 20 | F35: =-3*4 -> -12
A36: 33 | B36: 6 | C36: Viper | D36: 5 | E36: =5*5 -> 25 | F36: =-3*5 -> -15
A37: 34 | B37: 6 | C37: Viper | D37: 6 | E37: =5*6 -> 30 | F37: =-3*6 -> -18
A38: 35 | B38: 7 | C38: Trickster | D38: 2 | E38: =1.05*2 -> 2.1 | F38: =-1.5*2 -> -3
A39: 36 | B39: 7 | C39: Trickster | D39: 3 | E39: =1.05*3 -> 3.15 | F39: =-1.5*3 -> -4.5
A40: 37 | B40: 7 | C40: Trickster | D40: 4 | E40: =1.05*4 -> 4.2 | F40: =-1.5*4 -> -6
A41: 38 | B41: 7 | C41: Trickster | D41: 5 | E41: =1.05*5 -> 5.25 | F41: =-1.5*5 -> -7.5
A42: 39 | B42: 7 | C42: Trickster | D42: 6 | E42: =1.05*6 -> 6.3 | F42: =-1.5*6 -> -9

Sheet CombatLevelFormula
A1: Combat level is derived from total CP earned from investing in skill boxes. This sheet defines the formula constants. Claude Code uses these to compute a player's effective combat level from their Combat Points totals..
A2: id | B2: parameter | C2: value | D2: notes | E2: example | F2: _JSON_KEY
A3: 0 | B3: cp_per_combat_level | C3: 25 | D3: 25 CP = +1 combat level. CP gained from Skill Boxes. | E3: 180 CP earned → combat level 7 | F3: combat_level_formula
A4: 1 | B4: base_combat_level | C4: 1 | D4: Everyone starts at combat level 1 | E4: Novice base skills net 25 CP → level 1 | F4: combat_level_formula
A5: 2 | B5: unlearn_sp_refund_rate | C5: 1 | D5: Fraction of LP refunded on unlearn (1.0 = full refund) | E5: Unlearn a 30 LP box → get 30 LP back | F5: combat_level_formula
A6: 3 | B6: unlearn_removes_stat_bonuses | C6: true | D6: Stat bonuses from the box are removed on unlearn | E6: Unlearn Iron Body → lose its HP and DEF | F6: combat_level_formula
A7: 4 | B7: unlearn_removes_skills | C7: true | D7: Skills from the unlearned box are removed from the player | E7: Unlearn Shadow Step → lose Shadow Step skill | F7: combat_level_formula
